basic_tranId0_searchValue,basic_otherRefNum0_searchValue,customerJoin_entityId0_searchValue,basic_shipMethod0_searchValue_internalId,shippingAddressJoin_addressee0_searchValue,shippingAddressJoin_attention0_searchValue,shippingAddressJoin_address10_searchValue,shippingAddressJoin_address20_searchValue,shippingAddressJoin_city0_searchValue,shippingAddressJoin_state0_searchValue,shippingAddressJoin_zip0_searchValue,shippingAddressJoin_countryCode0_searchValue,shippingAddressJoin_phone0_searchValue,basic_line0_searchValue,itemJoin_itemId0_searchValue,itemJoin_type0_searchValue,basic_quantity0_searchValue,basic_tranDate0_searchValue,classJoin_name0_searchValue,itemJoin_weight0_searchValue,custitem_length,custitem_width,custitem_height,custitem_mcweight_lbs,custitem_rfs_packing_length,custitem_rfs_packing_width,custitem_rfs_packing_height,custitem_hj_tc_autopackquantity,custbodyhj_tc_storecode,basic_tranDate0_searchValue,basic_startDate0_searchValue,basic_endDate0_searchValueSpecified
220727,49VSLUOM,Amazon - Vendor Central,,Amazon - Vendor Central - SMF3,,3923 S B ST,,Stockton,CA,95206,US,,1,FG0030-04,Assembly/Bill of Materials,80,Pending Approval,Legacy UpSpring : (Old) C-Panty,.248,6.75,4.5,1,0.248,8,6,4,3,SMF3,3/26/2024,5/22/2024,5/27/2024
220727,49VSLUOM,Amazon - Vendor Central,,Amazon - Vendor Central - SMF3,,3923 S B ST,,Stockton,CA,95206,US,,7,FG0030-03,Assembly/Bill of Materials,200,Pending Approval,Legacy UpSpring : (Old) C-Panty,.298,6.75,4.75,1.5,0.298,8,6,4,3,SMF3,3/26/2024,5/22/2024,5/27/2024
220728,4F5BAESC,Amazon - Vendor Central,,Amazon - Vendor Central - LAS1,,12300 Bermuda Road,,HENDERSON,NV,89044,US,,1,FG0220-01,Assembly/Bill of Materials,75,Pending Approval,Legacy UpSpring : (Old) Shrinkx Belly,.8,,,,4.8,12,10.75,7.75,5,LAS1,3/26/2024,5/22/2024,5/27/2024
220728,4F5BAESC,Amazon - Vendor Central,,Amazon - Vendor Central - LAS1,,12300 Bermuda Road,,HENDERSON,NV,89044,US,,10,FG0076-02,Assembly/Bill of Materials,252,Pending Approval,Legacy UpSpring : (Old) Milkflow : (Old) Drink Mix,.65,4.6,3.1,4.6,4.525,10.25,10.25,5.75,6,LAS1,3/26/2024,5/22/2024,5/27/2024
220728,4F5BAESC,Amazon - Vendor Central,,Amazon - Vendor Central - LAS1,,12300 Bermuda Road,,HENDERSON,NV,89044,US,,16,FG0074-02,Assembly/Bill of Materials,560,Pending Approval,Legacy UpSpring : (Old) Milkflow : (Old) Drink Mix,.5,3.16,4.625,6.125,2.5,10.25,10.25,4.75,4,LAS1,3/26/2024,5/22/2024,5/27/2024
220731,6VZ7WJIO,Amazon - Vendor Central,,Amazon - Vendor Central - IAH3,,15525 Milner Road,,HOUSTON,TX,77032,US,,1,FG0030-04,Assembly/Bill of Materials,160,Pending Approval,Legacy UpSpring : (Old) C-Panty,.248,6.75,4.5,1,0.248,8,6,4,3,IAH3,3/26/2024,5/22/2024,5/27/2024
220731,6VZ7WJIO,Amazon - Vendor Central,,Amazon - Vendor Central - IAH3,,15525 Milner Road,,HOUSTON,TX,77032,US,,7,FG0220-01,Assembly/Bill of Materials,200,Pending Approval,Legacy UpSpring : (Old) Shrinkx Belly,.8,,,,4.8,12,10.75,7.75,5,IAH3,3/26/2024,5/22/2024,5/27/2024
220731,6VZ7WJIO,Amazon - Vendor Central,,Amazon - Vendor Central - IAH3,,15525 Milner Road,,HOUSTON,TX,77032,US,,16,FG0076-02,Assembly/Bill of Materials,108,Pending Approval,Legacy UpSpring : (Old) Milkflow : (Old) Drink Mix,.65,4.6,3.1,4.6,4.525,10.25,10.25,5.75,6,IAH3,3/26/2024,5/22/2024,5/27/2024
220731,6VZ7WJIO,Amazon - Vendor Central,,Amazon - Vendor Central - IAH3,,15525 Milner Road,,HOUSTON,TX,77032,US,,22,FG0074-02,Assembly/Bill of Materials,224,Pending Approval,Legacy UpSpring : (Old) Milkflow : (Old) Drink Mix,.5,3.16,4.625,6.125,2.5,10.25,10.25,4.75,4,IAH3,3/26/2024,5/22/2024,5/27/2024
220732,8HKBGGZL,Amazon - Vendor Central,,Amazon - Vendor Central - GYR3,,8181 W ROOSEVELT ST,,PHOENIX,AZ,85043,US,,1,FG0076-02,Assembly/Bill of Materials,108,Pending Approval,Legacy UpSpring : (Old) Milkflow : (Old) Drink Mix,.65,4.6,3.1,4.6,4.525,10.25,10.25,5.75,6,GYR3,3/26/2024,5/22/2024,5/27/2024
221444,9635196,CVS,FedEx Ground® (No Charge),CVS - F101,,2577 98TH AVENUE,,VERO BEACH,FL,32966,US,(772) 774-2200,1,FG0076-01,Assembly/Bill of Materials,208,Pending Fulfillment,Legacy UpSpring : (Old) Milkflow : (Old) Drink Mix,.5,4.625,3.16,6.125,2.46,10.25,10.25,4.75,4,F101,4/19/2024,5/8/2024,
221444,9635196,CVS,FedEx Ground® (No Charge),CVS - F101,,2577 98TH AVENUE,,VERO BEACH,FL,32966,US,(772) 774-2200,7,FG0670-01,Assembly/Bill of Materials,208,Pending Fulfillment,Legacy UpSpring : (Old) Milkflow : (Old) Milkflow - Other,.4,5,2.5,7,1.63,8.25,6.25,5.38,4,F101,4/19/2024,5/8/2024,
221445,9177439,CVS,FedEx Ground® (No Charge),CVS - E101,,700 CVS DRIVE,,ENNIS,TX,75119,US,(214) 241-5000,1,FG0076-01,Assembly/Bill of Materials,352,Pending Fulfillment,Legacy UpSpring : (Old) Milkflow : (Old) Drink Mix,.5,4.625,3.16,6.125,2.46,10.25,10.25,4.75,4,E101,4/19/2024,5/10/2024,
221445,9177439,CVS,FedEx Ground® (No Charge),CVS - E101,,700 CVS DRIVE,,ENNIS,TX,75119,US,(214) 241-5000,7,FG0670-01,Assembly/Bill of Materials,352,Pending Fulfillment,Legacy UpSpring : (Old) Milkflow : (Old) Milkflow - Other,.4,5,2.5,7,1.63,8.25,6.25,5.38,4,E101,4/19/2024,5/10/2024,
221446,8578483,CVS,FedEx Ground® (No Charge),CVS - S101,,111 REVCO RD,,BEECH ISLAND,SC,29842,US,(803) 442-5256,1,FG0076-01,Assembly/Bill of Materials,428,Pending Fulfillment,Legacy UpSpring : (Old) Milkflow : (Old) Drink Mix,.5,4.625,3.16,6.125,2.46,10.25,10.25,4.75,4,S101,4/19/2024,5/8/2024,
221446,8578483,CVS,FedEx Ground® (No Charge),CVS - S101,,111 REVCO RD,,BEECH ISLAND,SC,29842,US,(803) 442-5256,7,FG0670-01,Assembly/Bill of Materials,428,Pending Fulfillment,Legacy UpSpring : (Old) Milkflow : (Old) Milkflow - Other,.4,5,2.5,7,1.63,8.25,6.25,5.38,4,S101,4/19/2024,5/8/2024,
221447,8323622,CVS,FedEx Ground® (No Charge),CVS - L101,,777 SOUTH HARBOR BLVD,,LA HABRA,CA,90631,US,(714) 578-4600,1,FG0076-01,Assembly/Bill of Materials,776,Pending Fulfillment,Legacy UpSpring : (Old) Milkflow : (Old) Drink Mix,.5,4.625,3.16,6.125,2.46,10.25,10.25,4.75,4,L101,4/19/2024,5/9/2024,
221447,8323622,CVS,FedEx Ground® (No Charge),CVS - L101,,777 SOUTH HARBOR BLVD,,LA HABRA,CA,90631,US,(714) 578-4600,7,FG0670-01,Assembly/Bill of Materials,776,Pending Fulfillment,Legacy UpSpring : (Old) Milkflow : (Old) Milkflow - Other,.4,5,2.5,7,1.63,8.25,6.25,5.38,4,L101,4/19/2024,5/9/2024,
221448,7381352,CVS,FedEx Ground® (No Charge),CVS - C101,,100 S TRADE CENTER PKWY,,CONROE,TX,77385,US,(936) 271-5825,1,FG0076-01,Assembly/Bill of Materials,564,Pending Fulfillment,Legacy UpSpring : (Old) Milkflow : (Old) Drink Mix,.5,4.625,3.16,6.125,2.46,10.25,10.25,4.75,4,C101,4/19/2024,5/13/2024,
221448,7381352,CVS,FedEx Ground® (No Charge),CVS - C101,,100 S TRADE CENTER PKWY,,CONROE,TX,77385,US,(936) 271-5825,7,FG0670-01,Assembly/Bill of Materials,564,Pending Fulfillment,Legacy UpSpring : (Old) Milkflow : (Old) Milkflow - Other,.4,5,2.5,7,1.63,8.25,6.25,5.38,4,C101,4/19/2024,5/13/2024,
221449,6813646,CVS,FedEx Ground® (No Charge),CVS - T101,,10008 PARKSIDE DR.,,KNOXVILLE,TN,37922,US,(865) 231-9900,1,FG0076-01,Assembly/Bill of Materials,352,Pending Fulfillment,Legacy UpSpring : (Old) Milkflow : (Old) Drink Mix,.5,4.625,3.16,6.125,2.46,10.25,10.25,4.75,4,T101,4/19/2024,5/8/2024,
221449,6813646,CVS,FedEx Ground® (No Charge),CVS - T101,,10008 PARKSIDE DR.,,KNOXVILLE,TN,37922,US,(865) 231-9900,7,FG0670-01,Assembly/Bill of Materials,352,Pending Fulfillment,Legacy UpSpring : (Old) Milkflow : (Old) Milkflow - Other,.4,5,2.5,7,1.63,8.25,6.25,5.38,4,T101,4/19/2024,5/8/2024,
221450,5669953,CVS,FedEx Ground® (No Charge),CVS - P101,,322 REVCO RD,,SOMERSET,PA,15501,US,(814) 289-2200,1,FG0076-01,Assembly/Bill of Materials,336,Pending Fulfillment,Legacy UpSpring : (Old) Milkflow : (Old) Drink Mix,.5,4.625,3.16,6.125,2.46,10.25,10.25,4.75,4,P101,4/19/2024,5/7/2024,
221450,5669953,CVS,FedEx Ground® (No Charge),CVS - P101,,322 REVCO RD,,SOMERSET,PA,15501,US,(814) 289-2200,7,FG0670-01,Assembly/Bill of Materials,336,Pending Fulfillment,Legacy UpSpring : (Old) Milkflow : (Old) Milkflow - Other,.4,5,2.5,7,1.63,8.25,6.25,5.38,4,P101,4/19/2024,5/7/2024,
221451,5445625,CVS,FedEx Ground® (No Charge),CVS - O101,,8525 EXCHANGE DRIVE,,ORLANDO,FL,32809,US,(407) 858-4000,1,FG0076-01,Assembly/Bill of Materials,212,Pending Fulfillment,Legacy UpSpring : (Old) Milkflow : (Old) Drink Mix,.5,4.625,3.16,6.125,2.46,10.25,10.25,4.75,4,O101,4/19/2024,5/9/2024,
221451,5445625,CVS,FedEx Ground® (No Charge),CVS - O101,,8525 EXCHANGE DRIVE,,ORLANDO,FL,32809,US,(407) 858-4000,7,FG0670-01,Assembly/Bill of Materials,212,Pending Fulfillment,Legacy UpSpring : (Old) Milkflow : (Old) Milkflow - Other,.4,5,2.5,7,1.63,8.25,6.25,5.38,4,O101,4/19/2024,5/9/2024,
221452,4560011,CVS,FedEx Ground® (No Charge),CVS - I101,,2800 ENTERPRISE ST.,,INDIANAPOLIS,IN,46219,US,(317) 610-4300,1,FG0076-01,Assembly/Bill of Materials,424,Pending Fulfillment,Legacy UpSpring : (Old) Milkflow : (Old) Drink Mix,.5,4.625,3.16,6.125,2.46,10.25,10.25,4.75,4,I101,4/19/2024,5/9/2024,
221452,4560011,CVS,FedEx Ground® (No Charge),CVS - I101,,2800 ENTERPRISE ST.,,INDIANAPOLIS,IN,46219,US,(317) 610-4300,7,FG0670-01,Assembly/Bill of Materials,424,Pending Fulfillment,Legacy UpSpring : (Old) Milkflow : (Old) Milkflow - Other,.4,5,2.5,7,1.63,8.25,6.25,5.38,4,I101,4/19/2024,5/9/2024,
221453,3872517,CVS,FedEx Ground® (No Charge),CVS - U101,,2400 KEYSTONE PACIFIC PKY,,PATTERSON,CA,95363,US,(209) 895-8500,1,FG0076-01,Assembly/Bill of Materials,520,Pending Fulfillment,Legacy UpSpring : (Old) Milkflow : (Old) Drink Mix,.5,4.625,3.16,6.125,2.46,10.25,10.25,4.75,4,U101,4/19/2024,5/8/2024,
221453,3872517,CVS,FedEx Ground® (No Charge),CVS - U101,,2400 KEYSTONE PACIFIC PKY,,PATTERSON,CA,95363,US,(209) 895-8500,7,FG0670-01,Assembly/Bill of Materials,520,Pending Fulfillment,Legacy UpSpring : (Old) Milkflow : (Old) Milkflow - Other,.4,5,2.5,7,1.63,8.25,6.25,5.38,4,U101,4/19/2024,5/8/2024,
221454,3137862,CVS,FedEx Ground® (No Charge),CVS -  M101,,500 LANDSDOWNE ROAD,,FREDERICKSBURG,VA,22408,US,(540) 834-5600,1,FG0076-01,Assembly/Bill of Materials,276,Pending Fulfillment,Legacy UpSpring : (Old) Milkflow : (Old) Drink Mix,.5,4.625,3.16,6.125,2.46,10.25,10.25,4.75,4,M101,5/6/2024,,
221454,3137862,CVS,FedEx Ground® (No Charge),CVS -  M101,,500 LANDSDOWNE ROAD,,FREDERICKSBURG,VA,22408,US,(540) 834-5600,7,FG0670-01,Assembly/Bill of Materials,276,Pending Fulfillment,Legacy UpSpring : (Old) Milkflow : (Old) Milkflow - Other,.4,5,2.5,7,1.63,8.25,6.25,5.38,4,M101,5/6/2024,,
221455,2540073,CVS,FedEx Ground® (No Charge),CVS - N101,,ONE  BERRY DRIVE,,LUMBERTON,NJ,08048,US,(609) 267-6700,1,FG0076-01,Assembly/Bill of Materials,460,Pending Fulfillment,Legacy UpSpring : (Old) Milkflow : (Old) Drink Mix,.5,4.625,3.16,6.125,2.46,10.25,10.25,4.75,4,N101,4/19/2024,5/6/2024,
221455,2540073,CVS,FedEx Ground® (No Charge),CVS - N101,,ONE  BERRY DRIVE,,LUMBERTON,NJ,08048,US,(609) 267-6700,7,FG0670-01,Assembly/Bill of Materials,460,Pending Fulfillment,Legacy UpSpring : (Old) Milkflow : (Old) Milkflow - Other,.4,5,2.5,7,1.63,8.25,6.25,5.38,4,N101,4/19/2024,5/6/2024,
221456,1545900,CVS,FedEx Ground® (No Charge),CVS - D101,,43800 GENMAR RD,,NOVI,MI,48375,US,(248) 675-2100,1,FG0076-01,Assembly/Bill of Materials,372,Pending Fulfillment,Legacy UpSpring : (Old) Milkflow : (Old) Drink Mix,.5,4.625,3.16,6.125,2.46,10.25,10.25,4.75,4,D101,4/19/2024,5/8/2024,
221456,1545900,CVS,FedEx Ground® (No Charge),CVS - D101,,43800 GENMAR RD,,NOVI,MI,48375,US,(248) 675-2100,7,FG0670-01,Assembly/Bill of Materials,372,Pending Fulfillment,Legacy UpSpring : (Old) Milkflow : (Old) Milkflow - Other,.4,5,2.5,7,1.63,8.25,6.25,5.38,4,D101,4/19/2024,5/8/2024,
221457,1358859,CVS,FedEx Ground® (No Charge),CVS - W101,,400 FOUNDERS DRIVE,,WOONSOCKET,RI,02895,US,(401) 235-5000,1,FG0076-01,Assembly/Bill of Materials,436,Pending Fulfillment,Legacy UpSpring : (Old) Milkflow : (Old) Drink Mix,.5,4.625,3.16,6.125,2.46,10.25,10.25,4.75,4,W101,4/19/2024,5/3/2024,
221457,1358859,CVS,FedEx Ground® (No Charge),CVS - W101,,400 FOUNDERS DRIVE,,WOONSOCKET,RI,02895,US,(401) 235-5000,7,FG0670-01,Assembly/Bill of Materials,436,Pending Fulfillment,Legacy UpSpring : (Old) Milkflow : (Old) Milkflow - Other,.4,5,2.5,7,1.63,8.25,6.25,5.38,4,W101,4/19/2024,5/3/2024,
221458,0832453,CVS,FedEx Ground® (No Charge),CVS - K101,,10711 NORTH CONGRESS AVE,,Kansas City,MO,64153,US,(512) 828-7988,1,FG0076-01,Assembly/Bill of Materials,240,Pending Fulfillment,Legacy UpSpring : (Old) Milkflow : (Old) Drink Mix,.5,4.625,3.16,6.125,2.46,10.25,10.25,4.75,4,K101,4/19/2024,5/9/2024,
221458,0832453,CVS,FedEx Ground® (No Charge),CVS - K101,,10711 NORTH CONGRESS AVE,,Kansas City,MO,64153,US,(512) 828-7988,7,FG0670-01,Assembly/Bill of Materials,240,Pending Fulfillment,Legacy UpSpring : (Old) Milkflow : (Old) Milkflow - Other,.4,5,2.5,7,1.63,8.25,6.25,5.38,4,K101,4/19/2024,5/9/2024,
221459,0133881,CVS,FedEx Ground® (No Charge),CVS - Y101,,ONE CVS DRIVE,,WAVERLY,NY,14892,US,(607) 249-0100,1,FG0076-01,Assembly/Bill of Materials,308,Pending Fulfillment,Legacy UpSpring : (Old) Milkflow : (Old) Drink Mix,.5,4.625,3.16,6.125,2.46,10.25,10.25,4.75,4,Y101,4/19/2024,5/3/2024,
221459,0133881,CVS,FedEx Ground® (No Charge),CVS - Y101,,ONE CVS DRIVE,,WAVERLY,NY,14892,US,(607) 249-0100,7,FG0670-01,Assembly/Bill of Materials,308,Pending Fulfillment,Legacy UpSpring : (Old) Milkflow : (Old) Milkflow - Other,.4,5,2.5,7,1.63,8.25,6.25,5.38,4,Y101,4/19/2024,5/3/2024,
221582,1GGR3ACY,Amazon - Vendor Central,,Amazon - Vendor Central - IAH3,,15525 Milner Road,,HOUSTON,TX,77032,US,,1,FG0005-02,Assembly/Bill of Materials,384,Pending Approval,Legacy UpSpring : (Old) Alcohol,.0645,2.75,1.5,4.5,0.602,9.375,4.75,3,6,IAH3,4/25/2024,6/26/2024,6/30/2024
221582,1GGR3ACY,Amazon - Vendor Central,,Amazon - Vendor Central - IAH3,,15525 Milner Road,,HOUSTON,TX,77032,US,,9,FG0035-02,Assembly/Bill of Materials,80,Pending Approval,Legacy UpSpring : (Old) C-Panty,.268,6.75,4.5,1,0.268,8,6,4,3,IAH3,4/25/2024,6/26/2024,6/30/2024
221582,1GGR3ACY,Amazon - Vendor Central,,Amazon - Vendor Central - IAH3,,15525 Milner Road,,HOUSTON,TX,77032,US,,15,FG0035-01,Assembly/Bill of Materials,80,Pending Approval,Legacy UpSpring : (Old) C-Panty,.239,6.75,4.5,1,0.239,8,6,4,3,IAH3,4/25/2024,6/26/2024,6/30/2024
221582,1GGR3ACY,Amazon - Vendor Central,,Amazon - Vendor Central - IAH3,,15525 Milner Road,,HOUSTON,TX,77032,US,,21,FG0030-03,Assembly/Bill of Materials,80,Pending Approval,Legacy UpSpring : (Old) C-Panty,.298,6.75,4.75,1.5,0.298,8,6,4,3,IAH3,4/25/2024,6/26/2024,6/30/2024
221582,1GGR3ACY,Amazon - Vendor Central,,Amazon - Vendor Central - IAH3,,15525 Milner Road,,HOUSTON,TX,77032,US,,27,FG0035-06,Assembly/Bill of Materials,40,Pending Approval,Legacy UpSpring : (Old) C-Panty,.282,6.75,4.75,1.5,0.282,8,6,4,3,IAH3,4/25/2024,6/26/2024,6/30/2024
221582,1GGR3ACY,Amazon - Vendor Central,,Amazon - Vendor Central - IAH3,,15525 Milner Road,,HOUSTON,TX,77032,US,,33,FG0220-02,Assembly/Bill of Materials,75,Pending Approval,Legacy UpSpring : (Old) Shrinkx Belly,.65,,,,5.05,12,10.75,4.75,5,IAH3,4/25/2024,6/26/2024,6/30/2024
221582,1GGR3ACY,Amazon - Vendor Central,,Amazon - Vendor Central - IAH3,,15525 Milner Road,,HOUSTON,TX,77032,US,,42,FG0076-02,Assembly/Bill of Materials,1224,Pending Approval,Legacy UpSpring : (Old) Milkflow : (Old) Drink Mix,.65,4.6,3.1,4.6,4.525,10.25,10.25,5.75,6,IAH3,4/25/2024,6/26/2024,6/30/2024
221583,23TMT52S,Amazon - Vendor Central,,Amazon - Vendor Central - SBD1,,3388 S Cactus Ave,,BLOOMINGTON,CA,92316,US,,1,FG0030-05,Assembly/Bill of Materials,80,Pending Approval,Legacy UpSpring : (Old) C-Panty,.266,6.75,4.5,1,0.266,8,6,4,3,SBD1,4/25/2024,6/26/2024,6/30/2024
221583,23TMT52S,Amazon - Vendor Central,,Amazon - Vendor Central - SBD1,,3388 S Cactus Ave,,BLOOMINGTON,CA,92316,US,,7,FG0030-03,Assembly/Bill of Materials,40,Pending Approval,Legacy UpSpring : (Old) C-Panty,.298,6.75,4.75,1.5,0.298,8,6,4,3,SBD1,4/25/2024,6/26/2024,6/30/2024
221584,26R6AOKQ,Amazon - Vendor Central,,Amazon - Vendor Central - GYR3,,8181 W ROOSEVELT ST,,PHOENIX,AZ,85043,US,,1,FG0076-02,Assembly/Bill of Materials,108,Pending Approval,Legacy UpSpring : (Old) Milkflow : (Old) Drink Mix,.65,4.6,3.1,4.6,4.525,10.25,10.25,5.75,6,GYR3,4/25/2024,6/26/2024,6/30/2024
221585,2AGOHWAU,Amazon - Vendor Central,,Amazon - Vendor Central - SMF3,,3923 S B ST,,Stockton,CA,95206,US,,1,FG0005-02,Assembly/Bill of Materials,96,Pending Approval,Legacy UpSpring : (Old) Alcohol,.0645,2.75,1.5,4.5,0.602,9.375,4.75,3,6,SMF3,4/25/2024,6/26/2024,6/30/2024
221585,2AGOHWAU,Amazon - Vendor Central,,Amazon - Vendor Central - SMF3,,3923 S B ST,,Stockton,CA,95206,US,,9,FG0030-05,Assembly/Bill of Materials,240,Pending Approval,Legacy UpSpring : (Old) C-Panty,.266,6.75,4.5,1,0.266,8,6,4,3,SMF3,4/25/2024,6/26/2024,6/30/2024
221585,2AGOHWAU,Amazon - Vendor Central,,Amazon - Vendor Central - SMF3,,3923 S B ST,,Stockton,CA,95206,US,,15,FG0035-02,Assembly/Bill of Materials,80,Pending Approval,Legacy UpSpring : (Old) C-Panty,.268,6.75,4.5,1,0.268,8,6,4,3,SMF3,4/25/2024,6/26/2024,6/30/2024
221585,2AGOHWAU,Amazon - Vendor Central,,Amazon - Vendor Central - SMF3,,3923 S B ST,,Stockton,CA,95206,US,,21,FG0035-01,Assembly/Bill of Materials,240,Pending Approval,Legacy UpSpring : (Old) C-Panty,.239,6.75,4.5,1,0.239,8,6,4,3,SMF3,4/25/2024,6/26/2024,6/30/2024
221585,2AGOHWAU,Amazon - Vendor Central,,Amazon - Vendor Central - SMF3,,3923 S B ST,,Stockton,CA,95206,US,,27,FG0030-03,Assembly/Bill of Materials,240,Pending Approval,Legacy UpSpring : (Old) C-Panty,.298,6.75,4.75,1.5,0.298,8,6,4,3,SMF3,4/25/2024,6/26/2024,6/30/2024
221585,2AGOHWAU,Amazon - Vendor Central,,Amazon - Vendor Central - SMF3,,3923 S B ST,,Stockton,CA,95206,US,,33,FG0035-06,Assembly/Bill of Materials,40,Pending Approval,Legacy UpSpring : (Old) C-Panty,.282,6.75,4.75,1.5,0.282,8,6,4,3,SMF3,4/25/2024,6/26/2024,6/30/2024
221586,2SI2X54L,Amazon - Vendor Central,,Amazon - Vendor Central - VGT2,,6401 Howdy Wells Ave,,LAS VEGAS,NV,89115-2013,US,,1,FG0035-02,Assembly/Bill of Materials,80,Pending Approval,Legacy UpSpring : (Old) C-Panty,.268,6.75,4.5,1,0.268,8,6,4,3,VGT2,4/25/2024,6/26/2024,6/30/2024
221586,2SI2X54L,Amazon - Vendor Central,,Amazon - Vendor Central - VGT2,,6401 Howdy Wells Ave,,LAS VEGAS,NV,89115-2013,US,,7,FG0035-06,Assembly/Bill of Materials,40,Pending Approval,Legacy UpSpring : (Old) C-Panty,.282,6.75,4.75,1.5,0.282,8,6,4,3,VGT2,4/25/2024,6/26/2024,6/30/2024
221587,52ZIKXJD,Amazon - Vendor Central,,Amazon - Vendor Central - IAH3,,15525 Milner Road,,HOUSTON,TX,77032,US,,1,FG0005-02,Assembly/Bill of Materials,96,Pending Approval,Legacy UpSpring : (Old) Alcohol,.0645,2.75,1.5,4.5,0.602,9.375,4.75,3,6,IAH3,4/25/2024,5/29/2024,5/31/2024
221587,52ZIKXJD,Amazon - Vendor Central,,Amazon - Vendor Central - IAH3,,15525 Milner Road,,HOUSTON,TX,77032,US,,9,FG0035-03,Assembly/Bill of Materials,40,Pending Approval,Legacy UpSpring : (Old) C-Panty,.282,6.75,4.75,1.5,0.282,8,6,4,3,IAH3,4/25/2024,5/29/2024,5/31/2024
221587,52ZIKXJD,Amazon - Vendor Central,,Amazon - Vendor Central - IAH3,,15525 Milner Road,,HOUSTON,TX,77032,US,,15,FG0220-02,Assembly/Bill of Materials,80,Pending Approval,Legacy UpSpring : (Old) Shrinkx Belly,.65,,,,5.05,12,10.75,4.75,5,IAH3,4/25/2024,5/29/2024,5/31/2024
221587,52ZIKXJD,Amazon - Vendor Central,,Amazon - Vendor Central - IAH3,,15525 Milner Road,,HOUSTON,TX,77032,US,,24,FG0076-02,Assembly/Bill of Materials,720,Pending Approval,Legacy UpSpring : (Old) Milkflow : (Old) Drink Mix,.65,4.6,3.1,4.6,4.525,10.25,10.25,5.75,6,IAH3,4/25/2024,5/29/2024,5/31/2024
221588,53HA3TUR,Amazon - Vendor Central,,Amazon - Vendor Central - TEB9,,601 Randolph Road,,Somerset,NJ,08873,US,,1,FG0220-02,Assembly/Bill of Materials,25,Pending Approval,Legacy UpSpring : (Old) Shrinkx Belly,.65,,,,5.05,12,10.75,4.75,5,TEB9,4/25/2024,6/26/2024,6/30/2024
221589,54E2L6NP,Amazon - Vendor Central,,Amazon - Vendor Central - TEB9,,601 Randolph Road,,Somerset,NJ,08873,US,,1,FG0220-02,Assembly/Bill of Materials,5,Pending Approval,Legacy UpSpring : (Old) Shrinkx Belly,.65,,,,5.05,12,10.75,4.75,5,TEB9,4/25/2024,5/29/2024,5/31/2024
221590,59BS4XBC,Amazon - Vendor Central,,Amazon - Vendor Central - SMF3,,3923 S B ST,,Stockton,CA,95206,US,,1,FG0005-02,Assembly/Bill of Materials,384,Pending Approval,Legacy UpSpring : (Old) Alcohol,.0645,2.75,1.5,4.5,0.602,9.375,4.75,3,6,SMF3,4/25/2024,5/29/2024,5/31/2024
221590,59BS4XBC,Amazon - Vendor Central,,Amazon - Vendor Central - SMF3,,3923 S B ST,,Stockton,CA,95206,US,,9,FG0030-05,Assembly/Bill of Materials,80,Pending Approval,Legacy UpSpring : (Old) C-Panty,.266,6.75,4.5,1,0.266,8,6,4,3,SMF3,4/25/2024,5/29/2024,5/31/2024
221590,59BS4XBC,Amazon - Vendor Central,,Amazon - Vendor Central - SMF3,,3923 S B ST,,Stockton,CA,95206,US,,15,FG0035-02,Assembly/Bill of Materials,160,Pending Approval,Legacy UpSpring : (Old) C-Panty,.268,6.75,4.5,1,0.268,8,6,4,3,SMF3,4/25/2024,5/29/2024,5/31/2024
221590,59BS4XBC,Amazon - Vendor Central,,Amazon - Vendor Central - SMF3,,3923 S B ST,,Stockton,CA,95206,US,,21,FG0035-03,Assembly/Bill of Materials,40,Pending Approval,Legacy UpSpring : (Old) C-Panty,.282,6.75,4.75,1.5,0.282,8,6,4,3,SMF3,4/25/2024,5/29/2024,5/31/2024
221591,5MAN9PVO,Amazon - Vendor Central,,Amazon - Vendor Central - FTW1,,33333 LBJ FWY,,Dallas,TX,75241,US,,1,FG0076-02,Assembly/Bill of Materials,1152,Pending Approval,Legacy UpSpring : (Old) Milkflow : (Old) Drink Mix,.65,4.6,3.1,4.6,4.525,10.25,10.25,5.75,6,FTW1,4/25/2024,6/26/2024,6/30/2024
221592,5NDF56JX,Amazon - Vendor Central,,Amazon - Vendor Central - LAS1,,12300 Bermuda Road,,HENDERSON,NV,89044,US,,1,FG0220-02,Assembly/Bill of Materials,70,Pending Approval,Legacy UpSpring : (Old) Shrinkx Belly,.65,,,,5.05,12,10.75,4.75,5,LAS1,4/25/2024,6/26/2024,6/30/2024
221592,5NDF56JX,Amazon - Vendor Central,,Amazon - Vendor Central - LAS1,,12300 Bermuda Road,,HENDERSON,NV,89044,US,,10,FG0076-02,Assembly/Bill of Materials,432,Pending Approval,Legacy UpSpring : (Old) Milkflow : (Old) Drink Mix,.65,4.6,3.1,4.6,4.525,10.25,10.25,5.75,6,LAS1,4/25/2024,6/26/2024,6/30/2024
221593,5OQF8E3Y,Amazon - Vendor Central,,Amazon - Vendor Central - VGT2,,6401 Howdy Wells Ave,,LAS VEGAS,NV,89115-2013,US,,1,FG0035-02,Assembly/Bill of Materials,80,Pending Approval,Legacy UpSpring : (Old) C-Panty,.268,6.75,4.5,1,0.268,8,6,4,3,VGT2,4/25/2024,5/29/2024,5/31/2024
221593,5OQF8E3Y,Amazon - Vendor Central,,Amazon - Vendor Central - VGT2,,6401 Howdy Wells Ave,,LAS VEGAS,NV,89115-2013,US,,7,FG0035-03,Assembly/Bill of Materials,40,Pending Approval,Legacy UpSpring : (Old) C-Panty,.282,6.75,4.75,1.5,0.282,8,6,4,3,VGT2,4/25/2024,5/29/2024,5/31/2024
221593,5OQF8E3Y,Amazon - Vendor Central,,Amazon - Vendor Central - VGT2,,6401 Howdy Wells Ave,,LAS VEGAS,NV,89115-2013,US,,13,FG0035-06,Assembly/Bill of Materials,40,Pending Approval,Legacy UpSpring : (Old) C-Panty,.282,6.75,4.75,1.5,0.282,8,6,4,3,VGT2,4/25/2024,5/29/2024,5/31/2024
221594,6IM81WWR,Amazon - Vendor Central,,Amazon - Vendor Central - LAS1,,12300 Bermuda Road,,HENDERSON,NV,89044,US,,1,FG0220-02,Assembly/Bill of Materials,55,Pending Approval,Legacy UpSpring : (Old) Shrinkx Belly,.65,,,,5.05,12,10.75,4.75,5,LAS1,4/25/2024,5/29/2024,5/31/2024
221595,75BJMUAG,Amazon - Vendor Central,,Amazon - Vendor Central - FTW1,,33333 LBJ FWY,,Dallas,TX,75241,US,,1,FG0076-02,Assembly/Bill of Materials,540,Pending Approval,Legacy UpSpring : (Old) Milkflow : (Old) Drink Mix,.65,4.6,3.1,4.6,4.525,10.25,10.25,5.75,6,FTW1,4/25/2024,5/29/2024,5/31/2024
221850,215944969,Meijer,,LANSING DISTRIBUTION - GROCERY,,3405 S CREYTS RD,,LANSING,MI,489178505,US,,1,FG0300-10,Assembly/Bill of Materials,140,Pending Fulfillment,Legacy UpSpring : (Old) Adult Supplements : (Old) Adult Supplements - Other,.138,,,,1.45,8.375,6.375,4.625,4,0069595550086,5/6/2024,5/15/2024,5/17/2024
221906,0000120383,Giant Eagle,,HBC SERVICE CO,,601 MEADOWLANDS BLVD,,Washington,PA,15301,US,(724) 873-5100,1,FG0076-04,Assembly/Bill of Materials,4,Pending Fulfillment,Legacy UpSpring : (Old) Milkflow : (Old) Drink Mix,.7875,4.6,3.1,6.125,3.15,10.25,10.25,4.75,4,1194928338080,5/8/2024,,
221907,9638818,CVS,FedEx Ground® (No Charge),CVS - F101,,2577 98TH AVENUE,,VERO BEACH,FL,32966,US,(772) 774-2200,1,FG0076-01,Assembly/Bill of Materials,40,Pending Approval,Legacy UpSpring : (Old) Milkflow : (Old) Drink Mix,.5,4.625,3.16,6.125,2.46,10.25,10.25,4.75,4,F101,5/7/2024,,
221907,9638818,CVS,FedEx Ground® (No Charge),CVS - F101,,2577 98TH AVENUE,,VERO BEACH,FL,32966,US,(772) 774-2200,7,FG0670-01,Assembly/Bill of Materials,40,Pending Approval,Legacy UpSpring : (Old) Milkflow : (Old) Milkflow - Other,.4,5,2.5,7,1.63,8.25,6.25,5.38,4,F101,5/7/2024,,
221908,9180888,CVS,FedEx Ground® (No Charge),CVS - E101,,700 CVS DRIVE,,ENNIS,TX,75119,US,(214) 241-5000,1,FG0076-01,Assembly/Bill of Materials,32,Pending Approval,Legacy UpSpring : (Old) Milkflow : (Old) Drink Mix,.5,4.625,3.16,6.125,2.46,10.25,10.25,4.75,4,E101,5/7/2024,,
221908,9180888,CVS,FedEx Ground® (No Charge),CVS - E101,,700 CVS DRIVE,,ENNIS,TX,75119,US,(214) 241-5000,7,FG0670-01,Assembly/Bill of Materials,32,Pending Approval,Legacy UpSpring : (Old) Milkflow : (Old) Milkflow - Other,.4,5,2.5,7,1.63,8.25,6.25,5.38,4,E101,5/7/2024,,
221909,8581464,CVS,FedEx Ground® (No Charge),CVS - S101,,111 REVCO RD,,BEECH ISLAND,SC,29842,US,(803) 442-5256,1,FG0076-01,Assembly/Bill of Materials,48,Pending Approval,Legacy UpSpring : (Old) Milkflow : (Old) Drink Mix,.5,4.625,3.16,6.125,2.46,10.25,10.25,4.75,4,S101,5/7/2024,,
221909,8581464,CVS,FedEx Ground® (No Charge),CVS - S101,,111 REVCO RD,,BEECH ISLAND,SC,29842,US,(803) 442-5256,7,FG0670-01,Assembly/Bill of Materials,48,Pending Approval,Legacy UpSpring : (Old) Milkflow : (Old) Milkflow - Other,.4,5,2.5,7,1.63,8.25,6.25,5.38,4,S101,5/7/2024,,
221910,8328353,CVS,FedEx Ground® (No Charge),CVS - L101,,777 SOUTH HARBOR BLVD,,LA HABRA,CA,90631,US,(714) 578-4600,1,FG0076-01,Assembly/Bill of Materials,88,Pending Approval,Legacy UpSpring : (Old) Milkflow : (Old) Drink Mix,.5,4.625,3.16,6.125,2.46,10.25,10.25,4.75,4,L101,5/7/2024,,
221910,8328353,CVS,FedEx Ground® (No Charge),CVS - L101,,777 SOUTH HARBOR BLVD,,LA HABRA,CA,90631,US,(714) 578-4600,7,FG0670-01,Assembly/Bill of Materials,88,Pending Approval,Legacy UpSpring : (Old) Milkflow : (Old) Milkflow - Other,.4,5,2.5,7,1.63,8.25,6.25,5.38,4,L101,5/7/2024,,
221911,7385459,CVS,FedEx Ground® (No Charge),CVS - C101,,100 S TRADE CENTER PKWY,,CONROE,TX,77385,US,(936) 271-5825,1,FG0076-01,Assembly/Bill of Materials,48,Pending Approval,Legacy UpSpring : (Old) Milkflow : (Old) Drink Mix,.5,4.625,3.16,6.125,2.46,10.25,10.25,4.75,4,C101,5/7/2024,,
221911,7385459,CVS,FedEx Ground® (No Charge),CVS - C101,,100 S TRADE CENTER PKWY,,CONROE,TX,77385,US,(936) 271-5825,7,FG0670-01,Assembly/Bill of Materials,48,Pending Approval,Legacy UpSpring : (Old) Milkflow : (Old) Milkflow - Other,.4,5,2.5,7,1.63,8.25,6.25,5.38,4,C101,5/7/2024,,
221912,6817208,CVS,FedEx Ground® (No Charge),CVS - T101,,10008 PARKSIDE DR.,,KNOXVILLE,TN,37922,US,(865) 231-9900,1,FG0076-01,Assembly/Bill of Materials,24,Pending Approval,Legacy UpSpring : (Old) Milkflow : (Old) Drink Mix,.5,4.625,3.16,6.125,2.46,10.25,10.25,4.75,4,T101,5/7/2024,,
221912,6817208,CVS,FedEx Ground® (No Charge),CVS - T101,,10008 PARKSIDE DR.,,KNOXVILLE,TN,37922,US,(865) 231-9900,7,FG0670-01,Assembly/Bill of Materials,24,Pending Approval,Legacy UpSpring : (Old) Milkflow : (Old) Milkflow - Other,.4,5,2.5,7,1.63,8.25,6.25,5.38,4,T101,5/7/2024,,
221913,5672712,CVS,FedEx Ground® (No Charge),CVS - P101,,322 REVCO RD,,SOMERSET,PA,15501,US,(814) 289-2200,1,FG0076-01,Assembly/Bill of Materials,32,Pending Approval,Legacy UpSpring : (Old) Milkflow : (Old) Drink Mix,.5,4.625,3.16,6.125,2.46,10.25,10.25,4.75,4,P101,5/7/2024,,
221913,5672712,CVS,FedEx Ground® (No Charge),CVS - P101,,322 REVCO RD,,SOMERSET,PA,15501,US,(814) 289-2200,7,FG0670-01,Assembly/Bill of Materials,32,Pending Approval,Legacy UpSpring : (Old) Milkflow : (Old) Milkflow - Other,.4,5,2.5,7,1.63,8.25,6.25,5.38,4,P101,5/7/2024,,
221914,5449448,CVS,FedEx Ground® (No Charge),CVS - O101,,8525 EXCHANGE DRIVE,,ORLANDO,FL,32809,US,(407) 858-4000,1,FG0076-01,Assembly/Bill of Materials,24,Pending Approval,Legacy UpSpring : (Old) Milkflow : (Old) Drink Mix,.5,4.625,3.16,6.125,2.46,10.25,10.25,4.75,4,O101,5/7/2024,,
221914,5449448,CVS,FedEx Ground® (No Charge),CVS - O101,,8525 EXCHANGE DRIVE,,ORLANDO,FL,32809,US,(407) 858-4000,7,FG0670-01,Assembly/Bill of Materials,24,Pending Approval,Legacy UpSpring : (Old) Milkflow : (Old) Milkflow - Other,.4,5,2.5,7,1.63,8.25,6.25,5.38,4,O101,5/7/2024,,
221915,4563447,CVS,FedEx Ground® (No Charge),CVS - I101,,2800 ENTERPRISE ST.,,INDIANAPOLIS,IN,46219,US,(317) 610-4300,1,FG0076-01,Assembly/Bill of Materials,32,Pending Approval,Legacy UpSpring : (Old) Milkflow : (Old) Drink Mix,.5,4.625,3.16,6.125,2.46,10.25,10.25,4.75,4,I101,5/7/2024,,
221915,4563447,CVS,FedEx Ground® (No Charge),CVS - I101,,2800 ENTERPRISE ST.,,INDIANAPOLIS,IN,46219,US,(317) 610-4300,7,FG0670-01,Assembly/Bill of Materials,32,Pending Approval,Legacy UpSpring : (Old) Milkflow : (Old) Milkflow - Other,.4,5,2.5,7,1.63,8.25,6.25,5.38,4,I101,5/7/2024,,
221916,3876574,CVS,FedEx Ground® (No Charge),CVS - U101,,2400 KEYSTONE PACIFIC PKY,,PATTERSON,CA,95363,US,(209) 895-8500,1,FG0076-01,Assembly/Bill of Materials,80,Pending Approval,Legacy UpSpring : (Old) Milkflow : (Old) Drink Mix,.5,4.625,3.16,6.125,2.46,10.25,10.25,4.75,4,U101,5/7/2024,,
221916,3876574,CVS,FedEx Ground® (No Charge),CVS - U101,,2400 KEYSTONE PACIFIC PKY,,PATTERSON,CA,95363,US,(209) 895-8500,7,FG0670-01,Assembly/Bill of Materials,80,Pending Approval,Legacy UpSpring : (Old) Milkflow : (Old) Milkflow - Other,.4,5,2.5,7,1.63,8.25,6.25,5.38,4,U101,5/7/2024,,
221917,3140951,CVS,FedEx Ground® (No Charge),CVS -  M101,,500 LANDSDOWNE ROAD,,FREDERICKSBURG,VA,22408,US,(540) 834-5600,1,FG0076-01,Assembly/Bill of Materials,32,Pending Approval,Legacy UpSpring : (Old) Milkflow : (Old) Drink Mix,.5,4.625,3.16,6.125,2.46,10.25,10.25,4.75,4,M101,5/7/2024,,
221917,3140951,CVS,FedEx Ground® (No Charge),CVS -  M101,,500 LANDSDOWNE ROAD,,FREDERICKSBURG,VA,22408,US,(540) 834-5600,7,FG0670-01,Assembly/Bill of Materials,32,Pending Approval,Legacy UpSpring : (Old) Milkflow : (Old) Milkflow - Other,.4,5,2.5,7,1.63,8.25,6.25,5.38,4,M101,5/7/2024,,
221918,2544413,CVS,FedEx Ground® (No Charge),CVS - N101,,ONE  BERRY DRIVE,,LUMBERTON,NJ,08048,US,(609) 267-6700,1,FG0076-01,Assembly/Bill of Materials,56,Pending Approval,Legacy UpSpring : (Old) Milkflow : (Old) Drink Mix,.5,4.625,3.16,6.125,2.46,10.25,10.25,4.75,4,N101,5/7/2024,,
221918,2544413,CVS,FedEx Ground® (No Charge),CVS - N101,,ONE  BERRY DRIVE,,LUMBERTON,NJ,08048,US,(609) 267-6700,7,FG0670-01,Assembly/Bill of Materials,56,Pending Approval,Legacy UpSpring : (Old) Milkflow : (Old) Milkflow - Other,.4,5,2.5,7,1.63,8.25,6.25,5.38,4,N101,5/7/2024,,
221919,1548708,CVS,FedEx Ground® (No Charge),CVS - D101,,43800 GENMAR RD,,NOVI,MI,48375,US,(248) 675-2100,1,FG0076-01,Assembly/Bill of Materials,24,Pending Approval,Legacy UpSpring : (Old) Milkflow : (Old) Drink Mix,.5,4.625,3.16,6.125,2.46,10.25,10.25,4.75,4,D101,5/7/2024,,
221919,1548708,CVS,FedEx Ground® (No Charge),CVS - D101,,43800 GENMAR RD,,NOVI,MI,48375,US,(248) 675-2100,7,FG0670-01,Assembly/Bill of Materials,24,Pending Approval,Legacy UpSpring : (Old) Milkflow : (Old) Milkflow - Other,.4,5,2.5,7,1.63,8.25,6.25,5.38,4,D101,5/7/2024,,
221920,1362628,CVS,FedEx Ground® (No Charge),CVS - W101,,400 FOUNDERS DRIVE,,WOONSOCKET,RI,02895,US,(401) 235-5000,1,FG0076-01,Assembly/Bill of Materials,64,Pending Approval,Legacy UpSpring : (Old) Milkflow : (Old) Drink Mix,.5,4.625,3.16,6.125,2.46,10.25,10.25,4.75,4,W101,5/7/2024,,
221920,1362628,CVS,FedEx Ground® (No Charge),CVS - W101,,400 FOUNDERS DRIVE,,WOONSOCKET,RI,02895,US,(401) 235-5000,7,FG0670-01,Assembly/Bill of Materials,64,Pending Approval,Legacy UpSpring : (Old) Milkflow : (Old) Milkflow - Other,.4,5,2.5,7,1.63,8.25,6.25,5.38,4,W101,5/7/2024,,
221921,0835697,CVS,FedEx Ground® (No Charge),CVS - K101,,10711 NORTH CONGRESS AVE,,Kansas City,MO,64153,US,(512) 828-7988,1,FG0076-01,Assembly/Bill of Materials,16,Pending Approval,Legacy UpSpring : (Old) Milkflow : (Old) Drink Mix,.5,4.625,3.16,6.125,2.46,10.25,10.25,4.75,4,K101,5/7/2024,,
221921,0835697,CVS,FedEx Ground® (No Charge),CVS - K101,,10711 NORTH CONGRESS AVE,,Kansas City,MO,64153,US,(512) 828-7988,7,FG0670-01,Assembly/Bill of Materials,16,Pending Approval,Legacy UpSpring : (Old) Milkflow : (Old) Milkflow - Other,.4,5,2.5,7,1.63,8.25,6.25,5.38,4,K101,5/7/2024,,
221922,0137502,CVS,FedEx Ground® (No Charge),CVS - Y101,,ONE CVS DRIVE,,WAVERLY,NY,14892,US,(607) 249-0100,1,FG0076-01,Assembly/Bill of Materials,40,Pending Approval,Legacy UpSpring : (Old) Milkflow : (Old) Drink Mix,.5,4.625,3.16,6.125,2.46,10.25,10.25,4.75,4,Y101,5/7/2024,,
221922,0137502,CVS,FedEx Ground® (No Charge),CVS - Y101,,ONE CVS DRIVE,,WAVERLY,NY,14892,US,(607) 249-0100,7,FG0670-01,Assembly/Bill of Materials,40,Pending Approval,Legacy UpSpring : (Old) Milkflow : (Old) Milkflow - Other,.4,5,2.5,7,1.63,8.25,6.25,5.38,4,Y101,5/7/2024,,
221928,1331346411,Wal-Mart,,WAL-MART WAREHOUSE 6040,,1020 WAL-MART DRIVE,,HOPE MILLS,NC,28348,US,,1,FG0300-10,Assembly/Bill of Materials,116,Pending Fulfillment,Legacy UpSpring : (Old) Adult Supplements : (Old) Adult Supplements - Other,.138,,,,1.45,8.375,6.375,4.625,4,0078742031255,5/8/2024,5/13/2024,5/25/2024
221934,1731731248,Wal-Mart,,WAL-MART DC 7038A-ASM DIS,,4001 S JENKINS RD,,FT PIERCE,FL,34981,US,,1,FG0300-10,Assembly/Bill of Materials,44,Pending Fulfillment,Legacy UpSpring : (Old) Adult Supplements : (Old) Adult Supplements - Other,.138,,,,1.45,8.375,6.375,4.625,4,0078742048079,5/8/2024,5/13/2024,5/29/2024
221942,2631353962,Wal-Mart,,WAL-MART DC 6070A-ASM DIS,,200 WAL MART DR,,SHELBY,NC,28150,US,,1,FG0076-04,Assembly/Bill of Materials,20,Pending Fulfillment,Legacy UpSpring : (Old) Milkflow : (Old) Drink Mix,.7875,4.6,3.1,6.125,3.15,10.25,10.25,4.75,4,0078742040028,5/8/2024,5/13/2024,5/24/2024
221942,2631353962,Wal-Mart,,WAL-MART DC 6070A-ASM DIS,,200 WAL MART DR,,SHELBY,NC,28150,US,,7,FG0076-03,Assembly/Bill of Materials,20,Pending Fulfillment,Legacy UpSpring : (Old) Milkflow : (Old) Drink Mix,.5,4.625,3.1,6.125,2.40,10.25,10.25,4.75,4,0078742040028,5/8/2024,5/13/2024,5/24/2024
221942,2631353962,Wal-Mart,,WAL-MART DC 6070A-ASM DIS,,200 WAL MART DR,,SHELBY,NC,28150,US,,13,FG0076-01,Assembly/Bill of Materials,36,Pending Fulfillment,Legacy UpSpring : (Old) Milkflow : (Old) Drink Mix,.5,4.625,3.16,6.125,2.46,10.25,10.25,4.75,4,0078742040028,5/8/2024,5/13/2024,5/24/2024
221943,2631581872,Wal-Mart,,WAL-MART DC 6006A-ASM DIS,,2200 7TH AVE SW,,CULLMAN,AL,35055,US,,1,FG0076-04,Assembly/Bill of Materials,24,Pending Approval,Legacy UpSpring : (Old) Milkflow : (Old) Drink Mix,.7875,4.6,3.1,6.125,3.15,10.25,10.25,4.75,4,0078742028286,5/8/2024,5/13/2024,5/28/2024
221943,2631581872,Wal-Mart,,WAL-MART DC 6006A-ASM DIS,,2200 7TH AVE SW,,CULLMAN,AL,35055,US,,7,FG0076-03,Assembly/Bill of Materials,32,Pending Approval,Legacy UpSpring : (Old) Milkflow : (Old) Drink Mix,.5,4.625,3.1,6.125,2.40,10.25,10.25,4.75,4,0078742028286,5/8/2024,5/13/2024,5/28/2024
221943,2631581872,Wal-Mart,,WAL-MART DC 6006A-ASM DIS,,2200 7TH AVE SW,,CULLMAN,AL,35055,US,,13,FG0005-03,Assembly/Bill of Materials,24,Pending Approval,Legacy UpSpring : (Old) Alcohol,.1015,2.75,1.5,4.5,0.825,9.375,4.75,3,6,0078742028286,5/8/2024,5/13/2024,5/28/2024
221943,2631581872,Wal-Mart,,WAL-MART DC 6006A-ASM DIS,,2200 7TH AVE SW,,CULLMAN,AL,35055,US,,21,FG0076-01,Assembly/Bill of Materials,16,Pending Approval,Legacy UpSpring : (Old) Milkflow : (Old) Drink Mix,.5,4.625,3.16,6.125,2.46,10.25,10.25,4.75,4,0078742028286,5/8/2024,5/13/2024,5/28/2024
221945,2930327880,Wal-Mart,,WAL-MART DC 6010A-ASM DIS,,1401 BAKER HWY W,,DOUGLAS,GA,31533,US,,1,FG0076-04,Assembly/Bill of Materials,4,Pending Fulfillment,Legacy UpSpring : (Old) Milkflow : (Old) Drink Mix,.7875,4.6,3.1,6.125,3.15,10.25,10.25,4.75,4,0078742028644,5/8/2024,5/13/2024,5/24/2024
221945,2930327880,Wal-Mart,,WAL-MART DC 6010A-ASM DIS,,1401 BAKER HWY W,,DOUGLAS,GA,31533,US,,7,FG0076-03,Assembly/Bill of Materials,32,Pending Fulfillment,Legacy UpSpring : (Old) Milkflow : (Old) Drink Mix,.5,4.625,3.1,6.125,2.40,10.25,10.25,4.75,4,0078742028644,5/8/2024,5/13/2024,5/24/2024
221945,2930327880,Wal-Mart,,WAL-MART DC 6010A-ASM DIS,,1401 BAKER HWY W,,DOUGLAS,GA,31533,US,,13,FG0005-03,Assembly/Bill of Materials,18,Pending Fulfillment,Legacy UpSpring : (Old) Alcohol,.1015,2.75,1.5,4.5,0.825,9.375,4.75,3,6,0078742028644,5/8/2024,5/13/2024,5/24/2024
221945,2930327880,Wal-Mart,,WAL-MART DC 6010A-ASM DIS,,1401 BAKER HWY W,,DOUGLAS,GA,31533,US,,21,FG0076-01,Assembly/Bill of Materials,40,Pending Fulfillment,Legacy UpSpring : (Old) Milkflow : (Old) Drink Mix,.5,4.625,3.16,6.125,2.46,10.25,10.25,4.75,4,0078742028644,5/8/2024,5/13/2024,5/24/2024
221947,3131750889,Wal-Mart,,WAL-MART DC 6024A-ASM DIS,,3880 SOUTHWEST BLVD,,GROVE CITY,OH,43123,US,,1,FG0300-10,Assembly/Bill of Materials,104,Pending Fulfillment,Legacy UpSpring : (Old) Adult Supplements : (Old) Adult Supplements - Other,.138,,,,1.45,8.375,6.375,4.625,4,0078742029900,5/8/2024,5/13/2024,5/27/2024
221952,3431095795,Wal-Mart,,WAL-MART DC 6021A-ASM DIS,,1005 SOUTH H STREET,,PORTERVILLE,CA,93257,US,,1,FG0076-04,Assembly/Bill of Materials,36,Pending Fulfillment,Legacy UpSpring : (Old) Milkflow : (Old) Drink Mix,.7875,4.6,3.1,6.125,3.15,10.25,10.25,4.75,4,0078742029634,5/8/2024,5/13/2024,5/27/2024
221952,3431095795,Wal-Mart,,WAL-MART DC 6021A-ASM DIS,,1005 SOUTH H STREET,,PORTERVILLE,CA,93257,US,,7,FG0076-03,Assembly/Bill of Materials,44,Pending Fulfillment,Legacy UpSpring : (Old) Milkflow : (Old) Drink Mix,.5,4.625,3.1,6.125,2.40,10.25,10.25,4.75,4,0078742029634,5/8/2024,5/13/2024,5/27/2024
221952,3431095795,Wal-Mart,,WAL-MART DC 6021A-ASM DIS,,1005 SOUTH H STREET,,PORTERVILLE,CA,93257,US,,13,FG0005-03,Assembly/Bill of Materials,42,Pending Fulfillment,Legacy UpSpring : (Old) Alcohol,.1015,2.75,1.5,4.5,0.825,9.375,4.75,3,6,0078742029634,5/8/2024,5/13/2024,5/27/2024
221952,3431095795,Wal-Mart,,WAL-MART DC 6021A-ASM DIS,,1005 SOUTH H STREET,,PORTERVILLE,CA,93257,US,,21,FG0076-01,Assembly/Bill of Materials,88,Pending Fulfillment,Legacy UpSpring : (Old) Milkflow : (Old) Drink Mix,.5,4.625,3.16,6.125,2.46,10.25,10.25,4.75,4,0078742029634,5/8/2024,5/13/2024,5/27/2024
221952,3431095795,Wal-Mart,,WAL-MART DC 6021A-ASM DIS,,1005 SOUTH H STREET,,PORTERVILLE,CA,93257,US,,27,FG0300-13,Assembly/Bill of Materials,4,Pending Fulfillment,Legacy UpSpring : (Old) Adult Supplements : (Old) Adult Supplements - Other,.138,,,,1.45,8.25,6.25,5.83,4,0078742029634,5/8/2024,5/13/2024,5/27/2024
221959,4031433030,Wal-Mart,,WAL-MART DC 6020A-ASM DIS,,4224 KETTERING ROAD,,BROOKSVILLE,FL,34602,US,,1,FG0076-04,Assembly/Bill of Materials,4,Pending Fulfillment,Legacy UpSpring : (Old) Milkflow : (Old) Drink Mix,.7875,4.6,3.1,6.125,3.15,10.25,10.25,4.75,4,0078742029542,5/8/2024,5/13/2024,5/28/2024
221959,4031433030,Wal-Mart,,WAL-MART DC 6020A-ASM DIS,,4224 KETTERING ROAD,,BROOKSVILLE,FL,34602,US,,7,FG0076-03,Assembly/Bill of Materials,12,Pending Fulfillment,Legacy UpSpring : (Old) Milkflow : (Old) Drink Mix,.5,4.625,3.1,6.125,2.40,10.25,10.25,4.75,4,0078742029542,5/8/2024,5/13/2024,5/28/2024
221959,4031433030,Wal-Mart,,WAL-MART DC 6020A-ASM DIS,,4224 KETTERING ROAD,,BROOKSVILLE,FL,34602,US,,13,FG0076-01,Assembly/Bill of Materials,24,Pending Fulfillment,Legacy UpSpring : (Old) Milkflow : (Old) Drink Mix,.5,4.625,3.16,6.125,2.46,10.25,10.25,4.75,4,0078742029542,5/8/2024,5/13/2024,5/28/2024
221960,4031652437,Wal-Mart,,WAL-MART DC 6020A-ASM DIS,,4224 KETTERING ROAD,,BROOKSVILLE,FL,34602,US,,1,FG0300-10,Assembly/Bill of Materials,76,Pending Fulfillment,Legacy UpSpring : (Old) Adult Supplements : (Old) Adult Supplements - Other,.138,,,,1.45,8.375,6.375,4.625,4,0078742029542,5/8/2024,5/13/2024,5/28/2024
221971,5581274433,Wal-Mart,,WAL-MART DC 6026A-ASM DIS,,10815 STATE HIGHWAY 99W,,RED BLUFF,CA,96080,US,,1,FG0076-04,Assembly/Bill of Materials,12,Pending Fulfillment,Legacy UpSpring : (Old) Milkflow : (Old) Drink Mix,.7875,4.6,3.1,6.125,3.15,10.25,10.25,4.75,4,0078742030081,5/8/2024,5/13/2024,5/28/2024
221971,5581274433,Wal-Mart,,WAL-MART DC 6026A-ASM DIS,,10815 STATE HIGHWAY 99W,,RED BLUFF,CA,96080,US,,7,FG0076-03,Assembly/Bill of Materials,32,Pending Fulfillment,Legacy UpSpring : (Old) Milkflow : (Old) Drink Mix,.5,4.625,3.1,6.125,2.40,10.25,10.25,4.75,4,0078742030081,5/8/2024,5/13/2024,5/28/2024
221971,5581274433,Wal-Mart,,WAL-MART DC 6026A-ASM DIS,,10815 STATE HIGHWAY 99W,,RED BLUFF,CA,96080,US,,13,FG0005-03,Assembly/Bill of Materials,24,Pending Fulfillment,Legacy UpSpring : (Old) Alcohol,.1015,2.75,1.5,4.5,0.825,9.375,4.75,3,6,0078742030081,5/8/2024,5/13/2024,5/28/2024
221971,5581274433,Wal-Mart,,WAL-MART DC 6026A-ASM DIS,,10815 STATE HIGHWAY 99W,,RED BLUFF,CA,96080,US,,21,FG0076-01,Assembly/Bill of Materials,56,Pending Fulfillment,Legacy UpSpring : (Old) Milkflow : (Old) Drink Mix,.5,4.625,3.16,6.125,2.46,10.25,10.25,4.75,4,0078742030081,5/8/2024,5/13/2024,5/28/2024
221973,5781573619,Wal-Mart,,WAL-MART DC 6026A-ASM DIS,,10815 STATE HIGHWAY 99W,,RED BLUFF,CA,96080,US,,1,FG0300-10,Assembly/Bill of Materials,104,Pending Fulfillment,Legacy UpSpring : (Old) Adult Supplements : (Old) Adult Supplements - Other,.138,,,,1.45,8.375,6.375,4.625,4,0078742030081,5/8/2024,5/13/2024,5/28/2024
221973,5781573619,Wal-Mart,,WAL-MART DC 6026A-ASM DIS,,10815 STATE HIGHWAY 99W,,RED BLUFF,CA,96080,US,,4,FG0300-12,Assembly/Bill of Materials,4,Pending Fulfillment,Legacy UpSpring : (Old) Adult Supplements : (Old) Adult Supplements - Other,.138,,,,1.45,8.25,6.25,5.38,4,0078742030081,5/8/2024,5/13/2024,5/28/2024
221975,5831373541,Wal-Mart,,WAL-MART DC 6024A-ASM DIS,,3880 SOUTHWEST BLVD,,GROVE CITY,OH,43123,US,,1,FG0076-04,Assembly/Bill of Materials,12,Pending Fulfillment,Legacy UpSpring : (Old) Milkflow : (Old) Drink Mix,.7875,4.6,3.1,6.125,3.15,10.25,10.25,4.75,4,0078742029900,5/8/2024,5/13/2024,5/27/2024
221975,5831373541,Wal-Mart,,WAL-MART DC 6024A-ASM DIS,,3880 SOUTHWEST BLVD,,GROVE CITY,OH,43123,US,,7,FG0076-03,Assembly/Bill of Materials,32,Pending Fulfillment,Legacy UpSpring : (Old) Milkflow : (Old) Drink Mix,.5,4.625,3.1,6.125,2.40,10.25,10.25,4.75,4,0078742029900,5/8/2024,5/13/2024,5/27/2024
221975,5831373541,Wal-Mart,,WAL-MART DC 6024A-ASM DIS,,3880 SOUTHWEST BLVD,,GROVE CITY,OH,43123,US,,13,FG0005-03,Assembly/Bill of Materials,18,Pending Fulfillment,Legacy UpSpring : (Old) Alcohol,.1015,2.75,1.5,4.5,0.825,9.375,4.75,3,6,0078742029900,5/8/2024,5/13/2024,5/27/2024
221975,5831373541,Wal-Mart,,WAL-MART DC 6024A-ASM DIS,,3880 SOUTHWEST BLVD,,GROVE CITY,OH,43123,US,,21,FG0076-01,Assembly/Bill of Materials,60,Pending Fulfillment,Legacy UpSpring : (Old) Milkflow : (Old) Drink Mix,.5,4.625,3.16,6.125,2.46,10.25,10.25,4.75,4,0078742029900,5/8/2024,5/13/2024,5/27/2024
221976,5936136698,Wal-Mart,,WAL-MART DC 7035A-ASM DIS,,18815 NW 115TH AVE,,ALACHUA,FL,32615,US,,1,FG0300-10,Assembly/Bill of Materials,72,Pending Fulfillment,Legacy UpSpring : (Old) Adult Supplements : (Old) Adult Supplements - Other,.138,,,,1.45,8.375,6.375,4.625,4,0078742058436,5/8/2024,5/13/2024,5/26/2024
221976,5936136698,Wal-Mart,,WAL-MART DC 7035A-ASM DIS,,18815 NW 115TH AVE,,ALACHUA,FL,32615,US,,4,FG0300-12,Assembly/Bill of Materials,4,Pending Fulfillment,Legacy UpSpring : (Old) Adult Supplements : (Old) Adult Supplements - Other,.138,,,,1.45,8.25,6.25,5.38,4,0078742058436,5/8/2024,5/13/2024,5/26/2024
221978,6181472602,Wal-Mart,,WAL-MART DC 7038A-ASM DIS,,4001 S JENKINS RD,,FT PIERCE,FL,34981,US,,1,FG0076-04,Assembly/Bill of Materials,4,Pending Fulfillment,Legacy UpSpring : (Old) Milkflow : (Old) Drink Mix,.7875,4.6,3.1,6.125,3.15,10.25,10.25,4.75,4,0078742048079,5/8/2024,5/13/2024,5/29/2024
221978,6181472602,Wal-Mart,,WAL-MART DC 7038A-ASM DIS,,4001 S JENKINS RD,,FT PIERCE,FL,34981,US,,7,FG0076-03,Assembly/Bill of Materials,20,Pending Fulfillment,Legacy UpSpring : (Old) Milkflow : (Old) Drink Mix,.5,4.625,3.1,6.125,2.40,10.25,10.25,4.75,4,0078742048079,5/8/2024,5/13/2024,5/29/2024
221978,6181472602,Wal-Mart,,WAL-MART DC 7038A-ASM DIS,,4001 S JENKINS RD,,FT PIERCE,FL,34981,US,,13,FG0076-01,Assembly/Bill of Materials,12,Pending Fulfillment,Legacy UpSpring : (Old) Milkflow : (Old) Drink Mix,.5,4.625,3.16,6.125,2.46,10.25,10.25,4.75,4,0078742048079,5/8/2024,5/13/2024,5/29/2024
221982,6481472626,Wal-Mart,,WAL-MART DC 7035A-ASM DIS,,18815 NW 115TH AVE,,ALACHUA,FL,32615,US,,1,FG0076-04,Assembly/Bill of Materials,12,Pending Fulfillment,Legacy UpSpring : (Old) Milkflow : (Old) Drink Mix,.7875,4.6,3.1,6.125,3.15,10.25,10.25,4.75,4,0078742058436,5/8/2024,5/13/2024,5/26/2024
221982,6481472626,Wal-Mart,,WAL-MART DC 7035A-ASM DIS,,18815 NW 115TH AVE,,ALACHUA,FL,32615,US,,7,FG0076-03,Assembly/Bill of Materials,32,Pending Fulfillment,Legacy UpSpring : (Old) Milkflow : (Old) Drink Mix,.5,4.625,3.1,6.125,2.40,10.25,10.25,4.75,4,0078742058436,5/8/2024,5/13/2024,5/26/2024
221982,6481472626,Wal-Mart,,WAL-MART DC 7035A-ASM DIS,,18815 NW 115TH AVE,,ALACHUA,FL,32615,US,,13,FG0005-03,Assembly/Bill of Materials,12,Pending Fulfillment,Legacy UpSpring : (Old) Alcohol,.1015,2.75,1.5,4.5,0.825,9.375,4.75,3,6,0078742058436,5/8/2024,5/13/2024,5/26/2024
221982,6481472626,Wal-Mart,,WAL-MART DC 7035A-ASM DIS,,18815 NW 115TH AVE,,ALACHUA,FL,32615,US,,21,FG0076-01,Assembly/Bill of Materials,28,Pending Fulfillment,Legacy UpSpring : (Old) Milkflow : (Old) Drink Mix,.5,4.625,3.16,6.125,2.46,10.25,10.25,4.75,4,0078742058436,5/8/2024,5/13/2024,5/26/2024
221986,6781741178,Wal-Mart,,WAL-MART DC 6070A-ASM DIS,,200 WAL MART DR,,SHELBY,NC,28150,US,,1,FG0300-10,Assembly/Bill of Materials,20,Pending Fulfillment,Legacy UpSpring : (Old) Adult Supplements : (Old) Adult Supplements - Other,.138,,,,1.45,8.375,6.375,4.625,4,0078742040028,5/8/2024,5/13/2024,5/24/2024
221986,6781741178,Wal-Mart,,WAL-MART DC 6070A-ASM DIS,,200 WAL MART DR,,SHELBY,NC,28150,US,,4,FG0300-12,Assembly/Bill of Materials,8,Pending Fulfillment,Legacy UpSpring : (Old) Adult Supplements : (Old) Adult Supplements - Other,.138,,,,1.45,8.25,6.25,5.38,4,0078742040028,5/8/2024,5/13/2024,5/24/2024
221987,6831690904,Wal-Mart,,WAL-MART WAREHOUSE 6040,,1020 WAL-MART DRIVE,,HOPE MILLS,NC,28348,US,,1,FG0076-04,Assembly/Bill of Materials,16,Pending Fulfillment,Legacy UpSpring : (Old) Milkflow : (Old) Drink Mix,.7875,4.6,3.1,6.125,3.15,10.25,10.25,4.75,4,0078742031255,5/8/2024,5/13/2024,5/25/2024
221987,6831690904,Wal-Mart,,WAL-MART WAREHOUSE 6040,,1020 WAL-MART DRIVE,,HOPE MILLS,NC,28348,US,,7,FG0076-03,Assembly/Bill of Materials,16,Pending Fulfillment,Legacy UpSpring : (Old) Milkflow : (Old) Drink Mix,.5,4.625,3.1,6.125,2.40,10.25,10.25,4.75,4,0078742031255,5/8/2024,5/13/2024,5/25/2024
221987,6831690904,Wal-Mart,,WAL-MART WAREHOUSE 6040,,1020 WAL-MART DRIVE,,HOPE MILLS,NC,28348,US,,13,FG0005-03,Assembly/Bill of Materials,6,Pending Fulfillment,Legacy UpSpring : (Old) Alcohol,.1015,2.75,1.5,4.5,0.825,9.375,4.75,3,6,0078742031255,5/8/2024,5/13/2024,5/25/2024
221987,6831690904,Wal-Mart,,WAL-MART WAREHOUSE 6040,,1020 WAL-MART DRIVE,,HOPE MILLS,NC,28348,US,,21,FG0076-01,Assembly/Bill of Materials,28,Pending Fulfillment,Legacy UpSpring : (Old) Milkflow : (Old) Drink Mix,.5,4.625,3.16,6.125,2.46,10.25,10.25,4.75,4,0078742031255,5/8/2024,5/13/2024,5/25/2024
221989,6931671141,Wal-Mart,,WAL-MART DC 6043A-ASM DIS,,500 JONESVILLE ROAD,,COLDWATER,MI,49036,US,,1,FG0076-04,Assembly/Bill of Materials,16,Pending Fulfillment,Legacy UpSpring : (Old) Milkflow : (Old) Drink Mix,.7875,4.6,3.1,6.125,3.15,10.25,10.25,4.75,4,0078742031521,5/8/2024,5/13/2024,5/27/2024
221989,6931671141,Wal-Mart,,WAL-MART DC 6043A-ASM DIS,,500 JONESVILLE ROAD,,COLDWATER,MI,49036,US,,7,FG0076-03,Assembly/Bill of Materials,8,Pending Fulfillment,Legacy UpSpring : (Old) Milkflow : (Old) Drink Mix,.5,4.625,3.1,6.125,2.40,10.25,10.25,4.75,4,0078742031521,5/8/2024,5/13/2024,5/27/2024
221989,6931671141,Wal-Mart,,WAL-MART DC 6043A-ASM DIS,,500 JONESVILLE ROAD,,COLDWATER,MI,49036,US,,13,FG0076-01,Assembly/Bill of Materials,24,Pending Fulfillment,Legacy UpSpring : (Old) Milkflow : (Old) Drink Mix,.5,4.625,3.16,6.125,2.46,10.25,10.25,4.75,4,0078742031521,5/8/2024,5/13/2024,5/27/2024
221991,7381652189,Wal-Mart,,WAL-MART DC 6010A-ASM DIS,,1401 BAKER HWY W,,DOUGLAS,GA,31533,US,,1,FG0300-10,Assembly/Bill of Materials,92,Pending Fulfillment,Legacy UpSpring : (Old) Adult Supplements : (Old) Adult Supplements - Other,.138,,,,1.45,8.375,6.375,4.625,4,0078742028644,5/8/2024,5/13/2024,5/24/2024
221997,7531770533,Wal-Mart,,WAL-MART DC 6021A-ASM DIS,,1005 SOUTH H STREET,,PORTERVILLE,CA,93257,US,,1,FG0300-10,Assembly/Bill of Materials,72,Pending Fulfillment,Legacy UpSpring : (Old) Adult Supplements : (Old) Adult Supplements - Other,.138,,,,1.45,8.375,6.375,4.625,4,0078742029634,5/8/2024,5/13/2024,5/27/2024
221999,7681770489,Wal-Mart,,WAL-MART DC 6006A-ASM DIS,,2200 7TH AVE SW,,CULLMAN,AL,35055,US,,1,FG0300-10,Assembly/Bill of Materials,76,Pending Approval,Legacy UpSpring : (Old) Adult Supplements : (Old) Adult Supplements - Other,.138,,,,1.45,8.375,6.375,4.625,4,0078742028286,5/8/2024,5/13/2024,5/28/2024
222001,7931326513,Wal-Mart,,WAL-MART DC 6043A-ASM DIS,,500 JONESVILLE ROAD,,COLDWATER,MI,49036,US,,1,FG0300-10,Assembly/Bill of Materials,76,Pending Fulfillment,Legacy UpSpring : (Old) Adult Supplements : (Old) Adult Supplements - Other,.138,,,,1.45,8.375,6.375,4.625,4,0078742031521,5/8/2024,5/13/2024,5/27/2024
222030,P246728,Cavallaro Foods,,c/o River Valley Holdings,Cavallaro Foods,3907 New Court Ave.,,Syracuse,NY,13206,US,(315) 437-4636,1,FG0300-10,Assembly/Bill of Materials,280,Pending Fulfillment,Legacy UpSpring : (Old) Adult Supplements : (Old) Adult Supplements - Other,.138,,,,1.45,8.375,6.375,4.625,4,,5/9/2024,5/15/2024,
222031,,"HUPPINESS Co., Ltd.",,"HUPPINESS Co., Ltd.",,"27, Jungang-ro, Baekseok-eup","Yangju-si,",Gyeonggi-do,,11511,KR,82 070 5099 0002,1,FG0005-02,Assembly/Bill of Materials,96,Pending Approval,Legacy UpSpring : (Old) Alcohol,.0645,2.75,1.5,4.5,0.602,9.375,4.75,3,6,,5/9/2024,,
222031,,"HUPPINESS Co., Ltd.",,"HUPPINESS Co., Ltd.",,"27, Jungang-ro, Baekseok-eup","Yangju-si,",Gyeonggi-do,,11511,KR,82 070 5099 0002,9,FG0005-03,Assembly/Bill of Materials,96,Pending Approval,Legacy UpSpring : (Old) Alcohol,.1015,2.75,1.5,4.5,0.825,9.375,4.75,3,6,,5/9/2024,,
222032,KeHE Show,UpSpring Samples,,KeHE,,4209 S. Industrial Dr,STE 200,Austin,TX,78744,US,,1,FG0300-10,Assembly/Bill of Materials,4,Pending Approval,Legacy UpSpring : (Old) Adult Supplements : (Old) Adult Supplements - Other,.138,,,,1.45,8.375,6.375,4.625,4,,5/9/2024,,
222032,KeHE Show,UpSpring Samples,,KeHE,,4209 S. Industrial Dr,STE 200,Austin,TX,78744,US,,4,FG0300-12,Assembly/Bill of Materials,4,Pending Approval,Legacy UpSpring : (Old) Adult Supplements : (Old) Adult Supplements - Other,.138,,,,1.45,8.25,6.25,5.38,4,,5/9/2024,,
222032,KeHE Show,UpSpring Samples,,KeHE,,4209 S. Industrial Dr,STE 200,Austin,TX,78744,US,,7,FG0300-03,Assembly/Bill of Materials,8,Pending Approval,Legacy UpSpring : (Old) Adult Supplements : (Old) Adult Supplements - Other,.1005,,,,1.0255,8,6,2,6,,5/9/2024,,
222032,KeHE Show,UpSpring Samples,,KeHE,,4209 S. Industrial Dr,STE 200,Austin,TX,78744,US,,13,FG0660-01,Assembly/Bill of Materials,4,Pending Approval,Legacy UpSpring : (Old) Milkflow : (Old) Milkflow - Other,.4,5,2.5,7,1.63,8.25,6.25,5.38,4,,5/9/2024,,
222032,KeHE Show,UpSpring Samples,,KeHE,,4209 S. Industrial Dr,STE 200,Austin,TX,78744,US,,16,FG0670-01,Assembly/Bill of Materials,4,Pending Approval,Legacy UpSpring : (Old) Milkflow : (Old) Milkflow - Other,.4,5,2.5,7,1.63,8.25,6.25,5.38,4,,5/9/2024,,
222032,KeHE Show,UpSpring Samples,,KeHE,,4209 S. Industrial Dr,STE 200,Austin,TX,78744,US,,19,FG0076-03,Assembly/Bill of Materials,4,Pending Approval,Legacy UpSpring : (Old) Milkflow : (Old) Drink Mix,.5,4.625,3.1,6.125,2.40,10.25,10.25,4.75,4,,5/9/2024,,
222032,KeHE Show,UpSpring Samples,,KeHE,,4209 S. Industrial Dr,STE 200,Austin,TX,78744,US,,25,FG0076-01,Assembly/Bill of Materials,4,Pending Approval,Legacy UpSpring : (Old) Milkflow : (Old) Drink Mix,.5,4.625,3.16,6.125,2.46,10.25,10.25,4.75,4,,5/9/2024,,
222032,KeHE Show,UpSpring Samples,,KeHE,,4209 S. Industrial Dr,STE 200,Austin,TX,78744,US,,31,FG0076-04,Assembly/Bill of Materials,4,Pending Approval,Legacy UpSpring : (Old) Milkflow : (Old) Drink Mix,.7875,4.6,3.1,6.125,3.15,10.25,10.25,4.75,4,,5/9/2024,,
222032,KeHE Show,UpSpring Samples,,KeHE,,4209 S. Industrial Dr,STE 200,Austin,TX,78744,US,,37,FG0074-02,Assembly/Bill of Materials,4,Pending Approval,Legacy UpSpring : (Old) Milkflow : (Old) Drink Mix,.5,3.16,4.625,6.125,2.5,10.25,10.25,4.75,4,,5/9/2024,,
222032,KeHE Show,UpSpring Samples,,KeHE,,4209 S. Industrial Dr,STE 200,Austin,TX,78744,US,,42,FG0074-04,Assembly/Bill of Materials,4,Pending Approval,Legacy UpSpring : (Old) Milkflow : (Old) Drink Mix,0,3.16,4.625,6.125,,10.25,10.25,4.75,4,,5/9/2024,,
222032,KeHE Show,UpSpring Samples,,KeHE,,4209 S. Industrial Dr,STE 200,Austin,TX,78744,US,,47,FG0125-04,Assembly/Bill of Materials,6,Pending Approval,Legacy UpSpring : (Old) Milkflow,.138,2.75,2,4.5,1.10,9.25,4.75,6.5,6,,5/9/2024,,
222032,KeHE Show,UpSpring Samples,,KeHE,,4209 S. Industrial Dr,STE 200,Austin,TX,78744,US,,54,FG0005-02,Assembly/Bill of Materials,6,Pending Approval,Legacy UpSpring : (Old) Alcohol,.0645,2.75,1.5,4.5,0.602,9.375,4.75,3,6,,5/9/2024,,
222032,KeHE Show,UpSpring Samples,,KeHE,,4209 S. Industrial Dr,STE 200,Austin,TX,78744,US,,62,FG0005-03,Assembly/Bill of Materials,6,Pending Approval,Legacy UpSpring : (Old) Alcohol,.1015,2.75,1.5,4.5,0.825,9.375,4.75,3,6,,5/9/2024,,
222032,KeHE Show,UpSpring Samples,,KeHE,,4209 S. Industrial Dr,STE 200,Austin,TX,78744,US,,79,FG0076-01,Assembly/Bill of Materials,52,Pending Approval,Legacy UpSpring : (Old) Milkflow : (Old) Drink Mix,.5,4.625,3.16,6.125,2.46,10.25,10.25,4.75,4,,5/9/2024,,
222032,KeHE Show,UpSpring Samples,,KeHE,,4209 S. Industrial Dr,STE 200,Austin,TX,78744,US,,85,FG0076-03,Assembly/Bill of Materials,52,Pending Approval,Legacy UpSpring : (Old) Milkflow : (Old) Drink Mix,.5,4.625,3.1,6.125,2.40,10.25,10.25,4.75,4,,5/9/2024,,
222032,KeHE Show,UpSpring Samples,,KeHE,,4209 S. Industrial Dr,STE 200,Austin,TX,78744,US,,91,FG0076-04,Assembly/Bill of Materials,32,Pending Approval,Legacy UpSpring : (Old) Milkflow : (Old) Drink Mix,.7875,4.6,3.1,6.125,3.15,10.25,10.25,4.75,4,,5/9/2024,,
222032,KeHE Show,UpSpring Samples,,KeHE,,4209 S. Industrial Dr,STE 200,Austin,TX,78744,US,,97,FG0074-02,Assembly/Bill of Materials,32,Pending Approval,Legacy UpSpring : (Old) Milkflow : (Old) Drink Mix,.5,3.16,4.625,6.125,2.5,10.25,10.25,4.75,4,,5/9/2024,,
222032,KeHE Show,UpSpring Samples,,KeHE,,4209 S. Industrial Dr,STE 200,Austin,TX,78744,US,,102,FG0074-04,Assembly/Bill of Materials,32,Pending Approval,Legacy UpSpring : (Old) Milkflow : (Old) Drink Mix,0,3.16,4.625,6.125,,10.25,10.25,4.75,4,,5/9/2024,,
222032,KeHE Show,UpSpring Samples,,KeHE,,4209 S. Industrial Dr,STE 200,Austin,TX,78744,US,,111,FG0300-10,Assembly/Bill of Materials,36,Pending Approval,Legacy UpSpring : (Old) Adult Supplements : (Old) Adult Supplements - Other,.138,,,,1.45,8.375,6.375,4.625,4,,5/9/2024,,
222032,KeHE Show,UpSpring Samples,,KeHE,,4209 S. Industrial Dr,STE 200,Austin,TX,78744,US,,114,FG0300-12,Assembly/Bill of Materials,36,Pending Approval,Legacy UpSpring : (Old) Adult Supplements : (Old) Adult Supplements - Other,.138,,,,1.45,8.25,6.25,5.38,4,,5/9/2024,,
222032,KeHE Show,UpSpring Samples,,KeHE,,4209 S. Industrial Dr,STE 200,Austin,TX,78744,US,,117,FG0660-01,Assembly/Bill of Materials,18,Pending Approval,Legacy UpSpring : (Old) Milkflow : (Old) Milkflow - Other,.4,5,2.5,7,1.63,8.25,6.25,5.38,4,,5/9/2024,,
222032,KeHE Show,UpSpring Samples,,KeHE,,4209 S. Industrial Dr,STE 200,Austin,TX,78744,US,,120,FG0670-01,Assembly/Bill of Materials,18,Pending Approval,Legacy UpSpring : (Old) Milkflow : (Old) Milkflow - Other,.4,5,2.5,7,1.63,8.25,6.25,5.38,4,,5/9/2024,,
222046,10000916589-0551,Target,,TARGET DC 0551,,7120 HWY 65 NE,,FRIDLEY,MN,55432,US,,1,FG0300-10,Assembly/Bill of Materials,108,Pending Approval,Legacy UpSpring : (Old) Adult Supplements : (Old) Adult Supplements - Other,.138,,,,1.45,8.375,6.375,4.625,4,0551,5/12/2024,5/19/2024,5/20/2024
222046,10000916589-0551,Target,,TARGET DC 0551,,7120 HWY 65 NE,,FRIDLEY,MN,55432,US,,4,FG0300-12,Assembly/Bill of Materials,8,Pending Approval,Legacy UpSpring : (Old) Adult Supplements : (Old) Adult Supplements - Other,.138,,,,1.45,8.25,6.25,5.38,4,0551,5/12/2024,5/19/2024,5/20/2024
222047,10000916589-0553,Target,,TARGET DC 0553,,7895 REDWOOD AVE,,FONTANA,CA,92336,US,,1,FG0300-10,Assembly/Bill of Materials,100,Pending Approval,Legacy UpSpring : (Old) Adult Supplements : (Old) Adult Supplements - Other,.138,,,,1.45,8.375,6.375,4.625,4,0553,5/12/2024,5/19/2024,5/20/2024
222047,10000916589-0553,Target,,TARGET DC 0553,,7895 REDWOOD AVE,,FONTANA,CA,92336,US,,4,FG0300-12,Assembly/Bill of Materials,20,Pending Approval,Legacy UpSpring : (Old) Adult Supplements : (Old) Adult Supplements - Other,.138,,,,1.45,8.25,6.25,5.38,4,0553,5/12/2024,5/19/2024,5/20/2024
222048,10000916589-0554,Target,,TARGET DC 0554,,34800 UNITED AVE,,PUEBLO,CO,81001,US,,1,FG0300-10,Assembly/Bill of Materials,124,Pending Approval,Legacy UpSpring : (Old) Adult Supplements : (Old) Adult Supplements - Other,.138,,,,1.45,8.375,6.375,4.625,4,0554,5/12/2024,5/19/2024,5/20/2024
222048,10000916589-0554,Target,,TARGET DC 0554,,34800 UNITED AVE,,PUEBLO,CO,81001,US,,4,FG0300-12,Assembly/Bill of Materials,32,Pending Approval,Legacy UpSpring : (Old) Adult Supplements : (Old) Adult Supplements - Other,.138,,,,1.45,8.25,6.25,5.38,4,0554,5/12/2024,5/19/2024,5/20/2024
222049,10000916589-0555,Target,,TARGET DC 0555,,2050 E BEAMER ST,,WOODLAND,CA,95776,US,,1,FG0300-10,Assembly/Bill of Materials,108,Pending Approval,Legacy UpSpring : (Old) Adult Supplements : (Old) Adult Supplements - Other,.138,,,,1.45,8.375,6.375,4.625,4,0555,5/12/2024,5/19/2024,5/20/2024
222049,10000916589-0555,Target,,TARGET DC 0555,,2050 E BEAMER ST,,WOODLAND,CA,95776,US,,4,FG0300-12,Assembly/Bill of Materials,52,Pending Approval,Legacy UpSpring : (Old) Adult Supplements : (Old) Adult Supplements - Other,.138,,,,1.45,8.25,6.25,5.38,4,0555,5/12/2024,5/19/2024,5/20/2024
222050,10000916589-0556,Target,,TARGET DC 0556,,110 W JORDAN RD,,TIFTON,GA,31793,US,,1,FG0300-10,Assembly/Bill of Materials,104,Pending Approval,Legacy UpSpring : (Old) Adult Supplements : (Old) Adult Supplements - Other,.138,,,,1.45,8.375,6.375,4.625,4,0556,5/12/2024,5/19/2024,5/20/2024
222050,10000916589-0556,Target,,TARGET DC 0556,,110 W JORDAN RD,,TIFTON,GA,31793,US,,4,FG0300-12,Assembly/Bill of Materials,32,Pending Approval,Legacy UpSpring : (Old) Adult Supplements : (Old) Adult Supplements - Other,.138,,,,1.45,8.25,6.25,5.38,4,0556,5/12/2024,5/19/2024,5/20/2024
222051,10000916589-0557,Target,,TARGET DC 0557,,1100 E VALLEY RD,,OCONOMOWOC,WI,53066,US,,1,FG0300-10,Assembly/Bill of Materials,92,Pending Approval,Legacy UpSpring : (Old) Adult Supplements : (Old) Adult Supplements - Other,.138,,,,1.45,8.375,6.375,4.625,4,0557,5/12/2024,5/19/2024,5/20/2024
222051,10000916589-0557,Target,,TARGET DC 0557,,1100 E VALLEY RD,,OCONOMOWOC,WI,53066,US,,4,FG0300-12,Assembly/Bill of Materials,12,Pending Approval,Legacy UpSpring : (Old) Adult Supplements : (Old) Adult Supplements - Other,.138,,,,1.45,8.25,6.25,5.38,4,0557,5/12/2024,5/19/2024,5/20/2024
222052,10000916589-0558,Target,,TARGET DC 0558,,875 BETA DR SW,,ALBANY,OR,97321,US,,1,FG0300-10,Assembly/Bill of Materials,108,Pending Approval,Legacy UpSpring : (Old) Adult Supplements : (Old) Adult Supplements - Other,.138,,,,1.45,8.375,6.375,4.625,4,0558,5/12/2024,5/19/2024,5/20/2024
222052,10000916589-0558,Target,,TARGET DC 0558,,875 BETA DR SW,,ALBANY,OR,97321,US,,4,FG0300-12,Assembly/Bill of Materials,28,Pending Approval,Legacy UpSpring : (Old) Adult Supplements : (Old) Adult Supplements - Other,.138,,,,1.45,8.25,6.25,5.38,4,0558,5/12/2024,5/19/2024,5/20/2024
222053,10000916589-0559,Target,,TARGET DC 0559,,1350 S GIRLS SCHOOL RD,,INDIANAPOLIS,IN,46231,US,,1,FG0300-10,Assembly/Bill of Materials,104,Pending Approval,Legacy UpSpring : (Old) Adult Supplements : (Old) Adult Supplements - Other,.138,,,,1.45,8.375,6.375,4.625,4,0559,5/12/2024,5/19/2024,5/20/2024
222053,10000916589-0559,Target,,TARGET DC 0559,,1350 S GIRLS SCHOOL RD,,INDIANAPOLIS,IN,46231,US,,4,FG0300-12,Assembly/Bill of Materials,4,Pending Approval,Legacy UpSpring : (Old) Adult Supplements : (Old) Adult Supplements - Other,.138,,,,1.45,8.25,6.25,5.38,4,0559,5/12/2024,5/19/2024,5/20/2024
222054,10000916589-0560,Target,,TARGET DC 0560,,423 MOUNT VERNON RD,,STUARTS DRAFT,VA,24477,US,,1,FG0300-10,Assembly/Bill of Materials,96,Pending Approval,Legacy UpSpring : (Old) Adult Supplements : (Old) Adult Supplements - Other,.138,,,,1.45,8.375,6.375,4.625,4,0560,5/12/2024,5/19/2024,5/20/2024
222054,10000916589-0560,Target,,TARGET DC 0560,,423 MOUNT VERNON RD,,STUARTS DRAFT,VA,24477,US,,4,FG0300-12,Assembly/Bill of Materials,36,Pending Approval,Legacy UpSpring : (Old) Adult Supplements : (Old) Adult Supplements - Other,.138,,,,1.45,8.25,6.25,5.38,4,0560,5/12/2024,5/19/2024,5/20/2024
222055,10000916589-0578,Target,,TARGET DC 0578,,13790 COUNTY RD 433,,TYLER,TX,75706,US,,1,FG0300-10,Assembly/Bill of Materials,128,Pending Approval,Legacy UpSpring : (Old) Adult Supplements : (Old) Adult Supplements - Other,.138,,,,1.45,8.375,6.375,4.625,4,0578,5/12/2024,5/19/2024,5/20/2024
222055,10000916589-0578,Target,,TARGET DC 0578,,13790 COUNTY RD 433,,TYLER,TX,75706,US,,4,FG0300-12,Assembly/Bill of Materials,24,Pending Approval,Legacy UpSpring : (Old) Adult Supplements : (Old) Adult Supplements - Other,.138,,,,1.45,8.25,6.25,5.38,4,0578,5/12/2024,5/19/2024,5/20/2024
222056,10000916589-0579,Target,,TARGET DC 0579,,131 NORTH RD,,WILTON,NY,12831,US,,1,FG0300-10,Assembly/Bill of Materials,96,Pending Approval,Legacy UpSpring : (Old) Adult Supplements : (Old) Adult Supplements - Other,.138,,,,1.45,8.375,6.375,4.625,4,0579,5/12/2024,5/19/2024,5/20/2024
222056,10000916589-0579,Target,,TARGET DC 0579,,131 NORTH RD,,WILTON,NY,12831,US,,4,FG0300-12,Assembly/Bill of Materials,44,Pending Approval,Legacy UpSpring : (Old) Adult Supplements : (Old) Adult Supplements - Other,.138,,,,1.45,8.25,6.25,5.38,4,0579,5/12/2024,5/19/2024,5/20/2024
222057,10000916589-0580,Target,,TARGET DC 0580,,6305 GREENBRIER PKWY NW,,MADISON,AL,35756,US,,1,FG0300-10,Assembly/Bill of Materials,108,Pending Approval,Legacy UpSpring : (Old) Adult Supplements : (Old) Adult Supplements - Other,.138,,,,1.45,8.375,6.375,4.625,4,0580,5/12/2024,5/19/2024,5/20/2024
222057,10000916589-0580,Target,,TARGET DC 0580,,6305 GREENBRIER PKWY NW,,MADISON,AL,35756,US,,4,FG0300-12,Assembly/Bill of Materials,24,Pending Approval,Legacy UpSpring : (Old) Adult Supplements : (Old) Adult Supplements - Other,.138,,,,1.45,8.25,6.25,5.38,4,0580,5/12/2024,5/19/2024,5/20/2024
222058,10000916589-0587,Target,,TARGET DC 0587,,12905 E L AVE,,GALESBURG,MI,49053,US,,1,FG0300-10,Assembly/Bill of Materials,96,Pending Approval,Legacy UpSpring : (Old) Adult Supplements : (Old) Adult Supplements - Other,.138,,,,1.45,8.375,6.375,4.625,4,0587,5/12/2024,5/19/2024,5/20/2024
222058,10000916589-0587,Target,,TARGET DC 0587,,12905 E L AVE,,GALESBURG,MI,49053,US,,4,FG0300-12,Assembly/Bill of Materials,16,Pending Approval,Legacy UpSpring : (Old) Adult Supplements : (Old) Adult Supplements - Other,.138,,,,1.45,8.25,6.25,5.38,4,0587,5/12/2024,5/19/2024,5/20/2024
222059,10000916589-0588,Target,,TARGET DC 0588,,7101 W VAN BUREN,,PHOENIX,AZ,85043,US,,1,FG0300-10,Assembly/Bill of Materials,148,Pending Approval,Legacy UpSpring : (Old) Adult Supplements : (Old) Adult Supplements - Other,.138,,,,1.45,8.375,6.375,4.625,4,0588,5/12/2024,5/19/2024,5/20/2024
222059,10000916589-0588,Target,,TARGET DC 0588,,7101 W VAN BUREN,,PHOENIX,AZ,85043,US,,4,FG0300-12,Assembly/Bill of Materials,28,Pending Approval,Legacy UpSpring : (Old) Adult Supplements : (Old) Adult Supplements - Other,.138,,,,1.45,8.25,6.25,5.38,4,0588,5/12/2024,5/19/2024,5/20/2024
222060,10000916589-0589,Target,,TARGET DC 0589,,3325 ARCHER DR,,CHAMBERSBURG,PA,17202,US,,1,FG0300-10,Assembly/Bill of Materials,88,Pending Approval,Legacy UpSpring : (Old) Adult Supplements : (Old) Adult Supplements - Other,.138,,,,1.45,8.375,6.375,4.625,4,0589,5/12/2024,5/19/2024,5/20/2024
222060,10000916589-0589,Target,,TARGET DC 0589,,3325 ARCHER DR,,CHAMBERSBURG,PA,17202,US,,4,FG0300-12,Assembly/Bill of Materials,32,Pending Approval,Legacy UpSpring : (Old) Adult Supplements : (Old) Adult Supplements - Other,.138,,,,1.45,8.25,6.25,5.38,4,0589,5/12/2024,5/19/2024,5/20/2024
222061,10000916589-0590,Target,,TARGET DC 0590,,6601 HUDSON RD,,CEDAR FALLS,IA,50613,US,,1,FG0300-10,Assembly/Bill of Materials,84,Pending Approval,Legacy UpSpring : (Old) Adult Supplements : (Old) Adult Supplements - Other,.138,,,,1.45,8.375,6.375,4.625,4,0590,5/12/2024,5/19/2024,5/20/2024
222062,10000916589-0593,Target,,TARGET DC 0593,,3700 ZACHARY AVE,,SHAFTER,CA,93263,US,,1,FG0300-10,Assembly/Bill of Materials,124,Pending Approval,Legacy UpSpring : (Old) Adult Supplements : (Old) Adult Supplements - Other,.138,,,,1.45,8.375,6.375,4.625,4,0593,5/12/2024,5/19/2024,5/20/2024
222062,10000916589-0593,Target,,TARGET DC 0593,,3700 ZACHARY AVE,,SHAFTER,CA,93263,US,,4,FG0300-12,Assembly/Bill of Materials,28,Pending Approval,Legacy UpSpring : (Old) Adult Supplements : (Old) Adult Supplements - Other,.138,,,,1.45,8.25,6.25,5.38,4,0593,5/12/2024,5/19/2024,5/20/2024
222063,10000916589-0594,Target,,TARGET DC 0594,,166 CORPORATE DR,,LUGOFF,SC,29078,US,,1,FG0300-10,Assembly/Bill of Materials,92,Pending Approval,Legacy UpSpring : (Old) Adult Supplements : (Old) Adult Supplements - Other,.138,,,,1.45,8.375,6.375,4.625,4,0594,5/12/2024,5/19/2024,5/20/2024
222064,10000916589-3801,Target,,TARGET DC 3801,,4055 RAILPORT PKWY,,MIDLOTHIAN,TX,76065,US,,1,FG0300-10,Assembly/Bill of Materials,92,Pending Approval,Legacy UpSpring : (Old) Adult Supplements : (Old) Adult Supplements - Other,.138,,,,1.45,8.375,6.375,4.625,4,3801,5/12/2024,5/19/2024,5/20/2024
222064,10000916589-3801,Target,,TARGET DC 3801,,4055 RAILPORT PKWY,,MIDLOTHIAN,TX,76065,US,,4,FG0300-12,Assembly/Bill of Materials,16,Pending Approval,Legacy UpSpring : (Old) Adult Supplements : (Old) Adult Supplements - Other,.138,,,,1.45,8.25,6.25,5.38,4,3801,5/12/2024,5/19/2024,5/20/2024
222065,10000916589-3802,Target,,TARGET DC 3802,,1730 STATE HWY 5S,,AMSTERDAM,NY,12010,US,,1,FG0300-10,Assembly/Bill of Materials,112,Pending Approval,Legacy UpSpring : (Old) Adult Supplements : (Old) Adult Supplements - Other,.138,,,,1.45,8.375,6.375,4.625,4,3802,5/12/2024,5/19/2024,5/20/2024
222065,10000916589-3802,Target,,TARGET DC 3802,,1730 STATE HWY 5S,,AMSTERDAM,NY,12010,US,,4,FG0300-12,Assembly/Bill of Materials,16,Pending Approval,Legacy UpSpring : (Old) Adult Supplements : (Old) Adult Supplements - Other,.138,,,,1.45,8.25,6.25,5.38,4,3802,5/12/2024,5/19/2024,5/20/2024
222066,10000916589-3803,Target,,TARGET DC 3803,,5400 WENGER ST,,TOPEKA,KS,66609,US,,1,FG0300-10,Assembly/Bill of Materials,104,Pending Approval,Legacy UpSpring : (Old) Adult Supplements : (Old) Adult Supplements - Other,.138,,,,1.45,8.375,6.375,4.625,4,3803,5/12/2024,5/19/2024,5/20/2024
222066,10000916589-3803,Target,,TARGET DC 3803,,5400 WENGER ST,,TOPEKA,KS,66609,US,,4,FG0300-12,Assembly/Bill of Materials,16,Pending Approval,Legacy UpSpring : (Old) Adult Supplements : (Old) Adult Supplements - Other,.138,,,,1.45,8.25,6.25,5.38,4,3803,5/12/2024,5/19/2024,5/20/2024
222067,10000916589-3804,Target,,TARGET DC 3804,,3 WALKER WAY,,WEST JEFFERSON,OH,43162,US,,1,FG0300-10,Assembly/Bill of Materials,112,Pending Approval,Legacy UpSpring : (Old) Adult Supplements : (Old) Adult Supplements - Other,.138,,,,1.45,8.375,6.375,4.625,4,3804,5/12/2024,5/19/2024,5/20/2024
222067,10000916589-3804,Target,,TARGET DC 3804,,3 WALKER WAY,,WEST JEFFERSON,OH,43162,US,,4,FG0300-12,Assembly/Bill of Materials,28,Pending Approval,Legacy UpSpring : (Old) Adult Supplements : (Old) Adult Supplements - Other,.138,,,,1.45,8.25,6.25,5.38,4,3804,5/12/2024,5/19/2024,5/20/2024
222068,10000916589-3806,Target,,TARGET DC 3806,,2702 SUMMIT AVE,,RIALTO,CA,92377,US,,1,FG0300-10,Assembly/Bill of Materials,68,Pending Approval,Legacy UpSpring : (Old) Adult Supplements : (Old) Adult Supplements - Other,.138,,,,1.45,8.375,6.375,4.625,4,3806,5/12/2024,5/19/2024,5/20/2024
222068,10000916589-3806,Target,,TARGET DC 3806,,2702 SUMMIT AVE,,RIALTO,CA,92377,US,,4,FG0300-12,Assembly/Bill of Materials,48,Pending Approval,Legacy UpSpring : (Old) Adult Supplements : (Old) Adult Supplements - Other,.138,,,,1.45,8.25,6.25,5.38,4,3806,5/12/2024,5/19/2024,5/20/2024
222069,10000916589-3808,Target,,TARGET DC 3808,,895 SUNBURY RD,,MIDWAY,GA,31320,US,,1,FG0300-10,Assembly/Bill of Materials,92,Pending Approval,Legacy UpSpring : (Old) Adult Supplements : (Old) Adult Supplements - Other,.138,,,,1.45,8.375,6.375,4.625,4,3808,5/12/2024,5/19/2024,5/20/2024
222069,10000916589-3808,Target,,TARGET DC 3808,,895 SUNBURY RD,,MIDWAY,GA,31320,US,,4,FG0300-12,Assembly/Bill of Materials,32,Pending Approval,Legacy UpSpring : (Old) Adult Supplements : (Old) Adult Supplements - Other,.138,,,,1.45,8.25,6.25,5.38,4,3808,5/12/2024,5/19/2024,5/20/2024
222070,10000916589-3811,Target,,TARGET DC 3811,,1900 STOVER CT,,NEWTON,NC,28658,US,,1,FG0300-10,Assembly/Bill of Materials,112,Pending Approval,Legacy UpSpring : (Old) Adult Supplements : (Old) Adult Supplements - Other,.138,,,,1.45,8.375,6.375,4.625,4,3811,5/12/2024,5/19/2024,5/20/2024
222070,10000916589-3811,Target,,TARGET DC 3811,,1900 STOVER CT,,NEWTON,NC,28658,US,,4,FG0300-12,Assembly/Bill of Materials,36,Pending Approval,Legacy UpSpring : (Old) Adult Supplements : (Old) Adult Supplements - Other,.138,,,,1.45,8.25,6.25,5.38,4,3811,5/12/2024,5/19/2024,5/20/2024
222071,10000916589-3856,Target,,TARGET DC 3856,,23000 VAN BUREN BLVD,,RIVERSIDE,CA,92508,US,,1,FG0300-10,Assembly/Bill of Materials,40,Pending Approval,Legacy UpSpring : (Old) Adult Supplements : (Old) Adult Supplements - Other,.138,,,,1.45,8.375,6.375,4.625,4,3856,5/12/2024,5/19/2024,5/20/2024
222071,10000916589-3856,Target,,TARGET DC 3856,,23000 VAN BUREN BLVD,,RIVERSIDE,CA,92508,US,,4,FG0300-12,Assembly/Bill of Materials,16,Pending Approval,Legacy UpSpring : (Old) Adult Supplements : (Old) Adult Supplements - Other,.138,,,,1.45,8.25,6.25,5.38,4,3856,5/12/2024,5/19/2024,5/20/2024
222072,10000916589-3857,Target,,TARGET DC 3857,,400 CROSSROADS BLVD,,LOGAN TOWNSHIP,NJ,08085,US,,1,FG0300-10,Assembly/Bill of Materials,20,Pending Approval,Legacy UpSpring : (Old) Adult Supplements : (Old) Adult Supplements - Other,.138,,,,1.45,8.375,6.375,4.625,4,3857,5/12/2024,5/19/2024,5/20/2024
222072,10000916589-3857,Target,,TARGET DC 3857,,400 CROSSROADS BLVD,,LOGAN TOWNSHIP,NJ,08085,US,,4,FG0300-12,Assembly/Bill of Materials,8,Pending Approval,Legacy UpSpring : (Old) Adult Supplements : (Old) Adult Supplements - Other,.138,,,,1.45,8.25,6.25,5.38,4,3857,5/12/2024,5/19/2024,5/20/2024
222073,10000916589-3865,Target,,TARGET DC 3865,,3305 S LAWNDALE AVE,,CHICAGO,IL,60623,US,,1,FG0300-10,Assembly/Bill of Materials,20,Pending Approval,Legacy UpSpring : (Old) Adult Supplements : (Old) Adult Supplements - Other,.138,,,,1.45,8.375,6.375,4.625,4,3865,5/12/2024,5/19/2024,5/20/2024
222077,215966777,Meijer,,LANSING DISTRIBUTION - GROCERY,,3405 S CREYTS RD,,LANSING,MI,489178505,US,,1,FG0300-10,Assembly/Bill of Materials,140,Pending Approval,Legacy UpSpring : (Old) Adult Supplements : (Old) Adult Supplements - Other,.138,,,,1.45,8.375,6.375,4.625,4,0069595550086,5/13/2024,5/22/2024,5/24/2024
222079,215969717,Meijer,,LANSING DISTRIBUTION - GROCERY,,3405 S CREYTS RD,,LANSING,MI,489178505,US,,1,FG0076-04,Assembly/Bill of Materials,40,Pending Approval,Legacy UpSpring : (Old) Milkflow : (Old) Drink Mix,.7875,4.6,3.1,6.125,3.15,10.25,10.25,4.75,4,0069595550086,5/13/2024,5/21/2024,5/23/2024
222079,215969717,Meijer,,LANSING DISTRIBUTION - GROCERY,,3405 S CREYTS RD,,LANSING,MI,489178505,US,,7,FG0076-01,Assembly/Bill of Materials,40,Pending Approval,Legacy UpSpring : (Old) Milkflow : (Old) Drink Mix,.5,4.625,3.16,6.125,2.46,10.25,10.25,4.75,4,0069595550086,5/13/2024,5/21/2024,5/23/2024
222079,215969717,Meijer,,LANSING DISTRIBUTION - GROCERY,,3405 S CREYTS RD,,LANSING,MI,489178505,US,,13,FG0220-02,Assembly/Bill of Materials,20,Pending Approval,Legacy UpSpring : (Old) Shrinkx Belly,.65,,,,5.05,12,10.75,4.75,5,0069595550086,5/13/2024,5/21/2024,5/23/2024
222079,215969717,Meijer,,LANSING DISTRIBUTION - GROCERY,,3405 S CREYTS RD,,LANSING,MI,489178505,US,,22,FG0220-01,Assembly/Bill of Materials,15,Pending Approval,Legacy UpSpring : (Old) Shrinkx Belly,.8,,,,4.8,12,10.75,7.75,5,0069595550086,5/13/2024,5/21/2024,5/23/2024
222079,215969717,Meijer,,LANSING DISTRIBUTION - GROCERY,,3405 S CREYTS RD,,LANSING,MI,489178505,US,,31,FG0300-13,Assembly/Bill of Materials,164,Pending Approval,Legacy UpSpring : (Old) Adult Supplements : (Old) Adult Supplements - Other,.138,,,,1.45,8.25,6.25,5.83,4,0069595550086,5/13/2024,5/21/2024,5/23/2024
222079,215969717,Meijer,,LANSING DISTRIBUTION - GROCERY,,3405 S CREYTS RD,,LANSING,MI,489178505,US,,34,FG0074-02,Assembly/Bill of Materials,40,Pending Approval,Legacy UpSpring : (Old) Milkflow : (Old) Drink Mix,.5,3.16,4.625,6.125,2.5,10.25,10.25,4.75,4,0069595550086,5/13/2024,5/21/2024,5/23/2024
222080,167AG71Z,Amazon - Vendor Central,,Amazon - Vendor Central - GYR3,,8181 W ROOSEVELT ST,,PHOENIX,AZ,85043,US,,1,FG0070-01,Assembly/Bill of Materials,50,Pending Fulfillment,Legacy UpSpring : (Old) Milkflow : (Old) Drink Mix,.551,4.6,3.1,4.6,3.85,10,10,5,6,GYR3,5/13/2024,5/13/2024,5/20/2024
222081,18222AVO,Amazon - Vendor Central,,Amazon - Vendor Central - MDW2,,250 Emerald Drive,,Joliet,IL,60433,US,,1,FG0070-01,Assembly/Bill of Materials,50,Pending Fulfillment,Legacy UpSpring : (Old) Milkflow : (Old) Drink Mix,.551,4.6,3.1,4.6,3.85,10,10,5,6,MDW2,5/13/2024,5/13/2024,5/17/2024
222081,18222AVO,Amazon - Vendor Central,,Amazon - Vendor Central - MDW2,,250 Emerald Drive,,Joliet,IL,60433,US,,7,FG0300-09,Assembly/Bill of Materials,12,Pending Fulfillment,Legacy UpSpring : (Old) Adult Supplements : (Old) Adult Supplements - Other,0,6.5,2.5,8,7.10,15,7.625,5.4375,12,MDW2,5/13/2024,5/13/2024,5/17/2024
222082,1GIUC6YF,Amazon - Vendor Central,,Amazon - Vendor Central - FTW1,,33333 LBJ FWY,,Dallas,TX,75241,US,,1,FG0066-03,Assembly/Bill of Materials,1,Pending Fulfillment,Legacy UpSpring : (Old) Shrinkx Belly,.503,11.75,8.25,1.25,0.579,11.75,8.25,1.25,1,FTW1,5/13/2024,5/13/2024,5/16/2024
222083,1LB5EUCS,Amazon - Vendor Central,,Amazon - Vendor Central - FWA4,,9798 Smith Road,,FORT WAYNE,IN,46809,US,,1,FG0300-10,Assembly/Bill of Materials,48,Pending Fulfillment,Legacy UpSpring : (Old) Adult Supplements : (Old) Adult Supplements - Other,.138,,,,1.45,8.375,6.375,4.625,4,FWA4,5/13/2024,5/13/2024,5/20/2024
222083,1LB5EUCS,Amazon - Vendor Central,,Amazon - Vendor Central - FWA4,,9798 Smith Road,,FORT WAYNE,IN,46809,US,,4,FG0300-12,Assembly/Bill of Materials,96,Pending Fulfillment,Legacy UpSpring : (Old) Adult Supplements : (Old) Adult Supplements - Other,.138,,,,1.45,8.25,6.25,5.38,4,FWA4,5/13/2024,5/13/2024,5/20/2024
222083,1LB5EUCS,Amazon - Vendor Central,,Amazon - Vendor Central - FWA4,,9798 Smith Road,,FORT WAYNE,IN,46809,US,,7,FG0076-04,Assembly/Bill of Materials,56,Pending Fulfillment,Legacy UpSpring : (Old) Milkflow : (Old) Drink Mix,.7875,4.6,3.1,6.125,3.15,10.25,10.25,4.75,4,FWA4,5/13/2024,5/13/2024,5/20/2024
222083,1LB5EUCS,Amazon - Vendor Central,,Amazon - Vendor Central - FWA4,,9798 Smith Road,,FORT WAYNE,IN,46809,US,,13,FG0300-09,Assembly/Bill of Materials,12,Pending Fulfillment,Legacy UpSpring : (Old) Adult Supplements : (Old) Adult Supplements - Other,0,6.5,2.5,8,7.10,15,7.625,5.4375,12,FWA4,5/13/2024,5/13/2024,5/20/2024
222084,1N5VZY7H,Amazon - Vendor Central,,Amazon - Vendor Central - ORF2,,5045 PORTSMOUTH BLVD,,CHESAPEAKE,VA,23321-1425,US,,1,FG0300-09,Assembly/Bill of Materials,24,Pending Fulfillment,Legacy UpSpring : (Old) Adult Supplements : (Old) Adult Supplements - Other,0,6.5,2.5,8,7.10,15,7.625,5.4375,12,ORF2,5/13/2024,5/13/2024,5/20/2024
222085,1R67CYDO,Amazon - Vendor Central,,Amazon - Vendor Central - LGB8,,1568 N Linden Ave,,Rialto,CA,92376-8624,US,,1,FG0220-01,Assembly/Bill of Materials,25,Pending Fulfillment,Legacy UpSpring : (Old) Shrinkx Belly,.8,,,,4.8,12,10.75,7.75,5,LGB8,5/13/2024,5/13/2024,5/20/2024
222085,1R67CYDO,Amazon - Vendor Central,,Amazon - Vendor Central - LGB8,,1568 N Linden Ave,,Rialto,CA,92376-8624,US,,10,FG0300-09,Assembly/Bill of Materials,12,Pending Fulfillment,Legacy UpSpring : (Old) Adult Supplements : (Old) Adult Supplements - Other,0,6.5,2.5,8,7.10,15,7.625,5.4375,12,LGB8,5/13/2024,5/13/2024,5/20/2024
222086,268OBNBQ,Amazon - Vendor Central,,Amazon - Vendor Central - CLT2,,10240 Old Dowd Rd,,Charlotte,NC,28214,US,,1,FG0070-01,Assembly/Bill of Materials,50,Pending Fulfillment,Legacy UpSpring : (Old) Milkflow : (Old) Drink Mix,.551,4.6,3.1,4.6,3.85,10,10,5,6,CLT2,5/13/2024,5/13/2024,5/20/2024
222087,26JGGFRT,Amazon - Vendor Central,,Amazon - Vendor Central - GYR2,,17341 W MINNEZONA AVE,,GOODYEAR,AZ,85395,US,,1,FG0070-01,Assembly/Bill of Materials,50,Pending Fulfillment,Legacy UpSpring : (Old) Milkflow : (Old) Drink Mix,.551,4.6,3.1,4.6,3.85,10,10,5,6,GYR2,5/13/2024,5/13/2024,5/20/2024
222087,26JGGFRT,Amazon - Vendor Central,,Amazon - Vendor Central - GYR2,,17341 W MINNEZONA AVE,,GOODYEAR,AZ,85395,US,,7,FG0300-09,Assembly/Bill of Materials,36,Pending Fulfillment,Legacy UpSpring : (Old) Adult Supplements : (Old) Adult Supplements - Other,0,6.5,2.5,8,7.10,15,7.625,5.4375,12,GYR2,5/13/2024,5/13/2024,5/20/2024
222088,2E99ZNNE,Amazon - Vendor Central,,Amazon - Vendor Central - RMN3,,220 Centreport Parkway,,Fredricksburg,VA,22406,US,,1,FG0008-01,Assembly/Bill of Materials,150,Pending Fulfillment,Legacy UpSpring : (Old) Alcohol,.1015,4.5,2.75,1.5,0.8,5.25,9.5,3.75,6,RMN3,5/13/2024,5/13/2024,5/20/2024
222088,2E99ZNNE,Amazon - Vendor Central,,Amazon - Vendor Central - RMN3,,220 Centreport Parkway,,Fredricksburg,VA,22406,US,,8,FG0660-01,Assembly/Bill of Materials,48,Pending Fulfillment,Legacy UpSpring : (Old) Milkflow : (Old) Milkflow - Other,.4,5,2.5,7,1.63,8.25,6.25,5.38,4,RMN3,5/13/2024,5/13/2024,5/20/2024
222089,2G41LRIT,Amazon - Vendor Central,,Amazon - Vendor Central - AVP1,,550 Oak Ridge Road,,Hazleton,PA,18202,US,,1,FG0005-02,Assembly/Bill of Materials,96,Pending Fulfillment,Legacy UpSpring : (Old) Alcohol,.0645,2.75,1.5,4.5,0.602,9.375,4.75,3,6,AVP1,5/13/2024,5/13/2024,5/20/2024
222089,2G41LRIT,Amazon - Vendor Central,,Amazon - Vendor Central - AVP1,,550 Oak Ridge Road,,Hazleton,PA,18202,US,,9,FG0030-05,Assembly/Bill of Materials,80,Pending Fulfillment,Legacy UpSpring : (Old) C-Panty,.266,6.75,4.5,1,0.266,8,6,4,3,AVP1,5/13/2024,5/13/2024,5/20/2024
222089,2G41LRIT,Amazon - Vendor Central,,Amazon - Vendor Central - AVP1,,550 Oak Ridge Road,,Hazleton,PA,18202,US,,15,FG0066-03,Assembly/Bill of Materials,1,Pending Fulfillment,Legacy UpSpring : (Old) Shrinkx Belly,.503,11.75,8.25,1.25,0.579,11.75,8.25,1.25,1,AVP1,5/13/2024,5/13/2024,5/20/2024
222089,2G41LRIT,Amazon - Vendor Central,,Amazon - Vendor Central - AVP1,,550 Oak Ridge Road,,Hazleton,PA,18202,US,,17,FG0070-01,Assembly/Bill of Materials,50,Pending Fulfillment,Legacy UpSpring : (Old) Milkflow : (Old) Drink Mix,.551,4.6,3.1,4.6,3.85,10,10,5,6,AVP1,5/13/2024,5/13/2024,5/20/2024
222089,2G41LRIT,Amazon - Vendor Central,,Amazon - Vendor Central - AVP1,,550 Oak Ridge Road,,Hazleton,PA,18202,US,,23,FG0035-06,Assembly/Bill of Materials,40,Pending Fulfillment,Legacy UpSpring : (Old) C-Panty,.282,6.75,4.75,1.5,0.282,8,6,4,3,AVP1,5/13/2024,5/13/2024,5/20/2024
222089,2G41LRIT,Amazon - Vendor Central,,Amazon - Vendor Central - AVP1,,550 Oak Ridge Road,,Hazleton,PA,18202,US,,29,FG0008-01,Assembly/Bill of Materials,150,Pending Fulfillment,Legacy UpSpring : (Old) Alcohol,.1015,4.5,2.75,1.5,0.8,5.25,9.5,3.75,6,AVP1,5/13/2024,5/13/2024,5/20/2024
222089,2G41LRIT,Amazon - Vendor Central,,Amazon - Vendor Central - AVP1,,550 Oak Ridge Road,,Hazleton,PA,18202,US,,36,FG0300-12,Assembly/Bill of Materials,384,Pending Fulfillment,Legacy UpSpring : (Old) Adult Supplements : (Old) Adult Supplements - Other,.138,,,,1.45,8.25,6.25,5.38,4,AVP1,5/13/2024,5/13/2024,5/20/2024
222089,2G41LRIT,Amazon - Vendor Central,,Amazon - Vendor Central - AVP1,,550 Oak Ridge Road,,Hazleton,PA,18202,US,,39,FG0300-09,Assembly/Bill of Materials,108,Pending Fulfillment,Legacy UpSpring : (Old) Adult Supplements : (Old) Adult Supplements - Other,0,6.5,2.5,8,7.10,15,7.625,5.4375,12,AVP1,5/13/2024,5/13/2024,5/20/2024
222090,2IEZSR4L,Amazon - Vendor Central,,Amazon - Vendor Central - VGT2,,6401 Howdy Wells Ave,,LAS VEGAS,NV,89115-2013,US,,1,FG0066-03,Assembly/Bill of Materials,1,Pending Fulfillment,Legacy UpSpring : (Old) Shrinkx Belly,.503,11.75,8.25,1.25,0.579,11.75,8.25,1.25,1,VGT2,5/13/2024,5/13/2024,5/20/2024
222090,2IEZSR4L,Amazon - Vendor Central,,Amazon - Vendor Central - VGT2,,6401 Howdy Wells Ave,,LAS VEGAS,NV,89115-2013,US,,3,FG0070-01,Assembly/Bill of Materials,50,Pending Fulfillment,Legacy UpSpring : (Old) Milkflow : (Old) Drink Mix,.551,4.6,3.1,4.6,3.85,10,10,5,6,VGT2,5/13/2024,5/13/2024,5/20/2024
222090,2IEZSR4L,Amazon - Vendor Central,,Amazon - Vendor Central - VGT2,,6401 Howdy Wells Ave,,LAS VEGAS,NV,89115-2013,US,,9,FG0008-01,Assembly/Bill of Materials,150,Pending Fulfillment,Legacy UpSpring : (Old) Alcohol,.1015,4.5,2.75,1.5,0.8,5.25,9.5,3.75,6,VGT2,5/13/2024,5/13/2024,5/20/2024
222090,2IEZSR4L,Amazon - Vendor Central,,Amazon - Vendor Central - VGT2,,6401 Howdy Wells Ave,,LAS VEGAS,NV,89115-2013,US,,16,FG0300-09,Assembly/Bill of Materials,36,Pending Fulfillment,Legacy UpSpring : (Old) Adult Supplements : (Old) Adult Supplements - Other,0,6.5,2.5,8,7.10,15,7.625,5.4375,12,VGT2,5/13/2024,5/13/2024,5/20/2024
222091,2MFB5RAS,Amazon - Vendor Central,,Amazon - Vendor Central - RDU2,,2095 West Market Street,,Smithfield,NC,27577,US,,1,FG0076-04,Assembly/Bill of Materials,28,Pending Fulfillment,Legacy UpSpring : (Old) Milkflow : (Old) Drink Mix,.7875,4.6,3.1,6.125,3.15,10.25,10.25,4.75,4,RDU2,5/13/2024,5/13/2024,5/20/2024
222092,2OKTVNLK,Amazon - Vendor Central,,Amazon - Vendor Central - ONT8,,24300 Nandina Ave,,Moreno Valley,CA,92551,US,,1,FG0066-03,Assembly/Bill of Materials,1,Pending Fulfillment,Legacy UpSpring : (Old) Shrinkx Belly,.503,11.75,8.25,1.25,0.579,11.75,8.25,1.25,1,ONT8,5/13/2024,5/13/2024,5/20/2024
222092,2OKTVNLK,Amazon - Vendor Central,,Amazon - Vendor Central - ONT8,,24300 Nandina Ave,,Moreno Valley,CA,92551,US,,3,FG0300-09,Assembly/Bill of Materials,12,Pending Fulfillment,Legacy UpSpring : (Old) Adult Supplements : (Old) Adult Supplements - Other,0,6.5,2.5,8,7.10,15,7.625,5.4375,12,ONT8,5/13/2024,5/13/2024,5/20/2024
222093,2SAD3VBO,Amazon - Vendor Central,,Amazon - Vendor Central - IND9,,1151 S GRAHAM RD,,GREENWOOD,IN,46143,US,,1,FG0300-09,Assembly/Bill of Materials,24,Pending Fulfillment,Legacy UpSpring : (Old) Adult Supplements : (Old) Adult Supplements - Other,0,6.5,2.5,8,7.10,15,7.625,5.4375,12,IND9,5/13/2024,5/13/2024,5/20/2024
222093,2SAD3VBO,Amazon - Vendor Central,,Amazon - Vendor Central - IND9,,1151 S GRAHAM RD,,GREENWOOD,IN,46143,US,,7,FB0225-03,Assembly/Bill of Materials,12,Pending Fulfillment,Legacy UpSpring : (Old) Milkflow : (Old) Drink Mix,.5,8,6,4.5,16.2,24,16,10,1,IND9,5/13/2024,5/13/2024,5/20/2024
222094,2Y5F1ZCK,Amazon - Vendor Central,,Amazon - Vendor Central - TEB9,,601 Randolph Road,,Somerset,NJ,08873,US,,1,FG0070-01,Assembly/Bill of Materials,50,Pending Fulfillment,Legacy UpSpring : (Old) Milkflow : (Old) Drink Mix,.551,4.6,3.1,4.6,3.85,10,10,5,6,TEB9,5/13/2024,5/13/2024,5/20/2024
222094,2Y5F1ZCK,Amazon - Vendor Central,,Amazon - Vendor Central - TEB9,,601 Randolph Road,,Somerset,NJ,08873,US,,7,FG0300-09,Assembly/Bill of Materials,48,Pending Fulfillment,Legacy UpSpring : (Old) Adult Supplements : (Old) Adult Supplements - Other,0,6.5,2.5,8,7.10,15,7.625,5.4375,12,TEB9,5/13/2024,5/13/2024,5/20/2024
222095,2YLMMV3N,Amazon - Vendor Central,,Amazon - Vendor Central - LAS1,,12300 Bermuda Road,,HENDERSON,NV,89044,US,,1,FG0035-04,Assembly/Bill of Materials,80,Pending Fulfillment,Legacy UpSpring : (Old) C-Panty,.239,6.75,4.5,1,0.239,8,6,4,3,LAS1,5/13/2024,5/13/2024,5/20/2024
222095,2YLMMV3N,Amazon - Vendor Central,,Amazon - Vendor Central - LAS1,,12300 Bermuda Road,,HENDERSON,NV,89044,US,,7,FG0070-01,Assembly/Bill of Materials,50,Pending Fulfillment,Legacy UpSpring : (Old) Milkflow : (Old) Drink Mix,.551,4.6,3.1,4.6,3.85,10,10,5,6,LAS1,5/13/2024,5/13/2024,5/20/2024
222095,2YLMMV3N,Amazon - Vendor Central,,Amazon - Vendor Central - LAS1,,12300 Bermuda Road,,HENDERSON,NV,89044,US,,13,FG0008-01,Assembly/Bill of Materials,150,Pending Fulfillment,Legacy UpSpring : (Old) Alcohol,.1015,4.5,2.75,1.5,0.8,5.25,9.5,3.75,6,LAS1,5/13/2024,5/13/2024,5/20/2024
222095,2YLMMV3N,Amazon - Vendor Central,,Amazon - Vendor Central - LAS1,,12300 Bermuda Road,,HENDERSON,NV,89044,US,,20,FG0070-03,Assembly/Bill of Materials,50,Pending Fulfillment,Legacy UpSpring : (Old) Milkflow : (Old) Drink Mix,.75,4.6,3.1,4.6,4.5,10,10,5,6,LAS1,5/13/2024,5/13/2024,5/20/2024
222095,2YLMMV3N,Amazon - Vendor Central,,Amazon - Vendor Central - LAS1,,12300 Bermuda Road,,HENDERSON,NV,89044,US,,25,FG0300-12,Assembly/Bill of Materials,672,Pending Fulfillment,Legacy UpSpring : (Old) Adult Supplements : (Old) Adult Supplements - Other,.138,,,,1.45,8.25,6.25,5.38,4,LAS1,5/13/2024,5/13/2024,5/20/2024
222095,2YLMMV3N,Amazon - Vendor Central,,Amazon - Vendor Central - LAS1,,12300 Bermuda Road,,HENDERSON,NV,89044,US,,28,FG0300-09,Assembly/Bill of Materials,12,Pending Fulfillment,Legacy UpSpring : (Old) Adult Supplements : (Old) Adult Supplements - Other,0,6.5,2.5,8,7.10,15,7.625,5.4375,12,LAS1,5/13/2024,5/13/2024,5/20/2024
222096,4NHADU6N,Amazon - Vendor Central,,Amazon - Vendor Central - SWF2,,76 Patriot Way,,Hopewell Junction,NY,12533-6159,US,,1,FG0066-03,Assembly/Bill of Materials,1,Pending Fulfillment,Legacy UpSpring : (Old) Shrinkx Belly,.503,11.75,8.25,1.25,0.579,11.75,8.25,1.25,1,SWF2,5/13/2024,5/13/2024,5/20/2024
222096,4NHADU6N,Amazon - Vendor Central,,Amazon - Vendor Central - SWF2,,76 Patriot Way,,Hopewell Junction,NY,12533-6159,US,,3,FG0070-01,Assembly/Bill of Materials,50,Pending Fulfillment,Legacy UpSpring : (Old) Milkflow : (Old) Drink Mix,.551,4.6,3.1,4.6,3.85,10,10,5,6,SWF2,5/13/2024,5/13/2024,5/20/2024
222096,4NHADU6N,Amazon - Vendor Central,,Amazon - Vendor Central - SWF2,,76 Patriot Way,,Hopewell Junction,NY,12533-6159,US,,9,FG0008-01,Assembly/Bill of Materials,150,Pending Fulfillment,Legacy UpSpring : (Old) Alcohol,.1015,4.5,2.75,1.5,0.8,5.25,9.5,3.75,6,SWF2,5/13/2024,5/13/2024,5/20/2024
222096,4NHADU6N,Amazon - Vendor Central,,Amazon - Vendor Central - SWF2,,76 Patriot Way,,Hopewell Junction,NY,12533-6159,US,,16,FG0300-12,Assembly/Bill of Materials,720,Pending Fulfillment,Legacy UpSpring : (Old) Adult Supplements : (Old) Adult Supplements - Other,.138,,,,1.45,8.25,6.25,5.38,4,SWF2,5/13/2024,5/13/2024,5/20/2024
222096,4NHADU6N,Amazon - Vendor Central,,Amazon - Vendor Central - SWF2,,76 Patriot Way,,Hopewell Junction,NY,12533-6159,US,,19,FG0300-09,Assembly/Bill of Materials,96,Pending Fulfillment,Legacy UpSpring : (Old) Adult Supplements : (Old) Adult Supplements - Other,0,6.5,2.5,8,7.10,15,7.625,5.4375,12,SWF2,5/13/2024,5/13/2024,5/20/2024
222096,4NHADU6N,Amazon - Vendor Central,,Amazon - Vendor Central - SWF2,,76 Patriot Way,,Hopewell Junction,NY,12533-6159,US,,25,FG0660-01,Assembly/Bill of Materials,48,Pending Fulfillment,Legacy UpSpring : (Old) Milkflow : (Old) Milkflow - Other,.4,5,2.5,7,1.63,8.25,6.25,5.38,4,SWF2,5/13/2024,5/13/2024,5/20/2024
222096,4NHADU6N,Amazon - Vendor Central,,Amazon - Vendor Central - SWF2,,76 Patriot Way,,Hopewell Junction,NY,12533-6159,US,,28,FB0225-01,Assembly/Bill of Materials,12,Pending Fulfillment,Legacy UpSpring : (Old) Milkflow : (Old) Drink Mix,,8,6,4.5,16.2,24,16,10,1,SWF2,5/13/2024,5/13/2024,5/20/2024
222097,8L11NUQZ,Amazon - Vendor Central,,Amazon - Vendor Central - SCK4,,6001 S AUSTIN RD,,STOCKTON,CA,95215,US,,1,FG0300-09,Assembly/Bill of Materials,24,Pending Fulfillment,Legacy UpSpring : (Old) Adult Supplements : (Old) Adult Supplements - Other,0,6.5,2.5,8,7.10,15,7.625,5.4375,12,SCK4,5/13/2024,5/13/2024,5/20/2024
222098,8Q43VBKP,Amazon - Vendor Central,,Amazon - Vendor Central ABE8,,401 Independence Road,,Florence,NJ,08518,US,,1,FG0066-03,Assembly/Bill of Materials,1,Pending Fulfillment,Legacy UpSpring : (Old) Shrinkx Belly,.503,11.75,8.25,1.25,0.579,11.75,8.25,1.25,1,ABE8,5/13/2024,5/13/2024,5/20/2024
222098,8Q43VBKP,Amazon - Vendor Central,,Amazon - Vendor Central ABE8,,401 Independence Road,,Florence,NJ,08518,US,,3,FG0076-03,Assembly/Bill of Materials,28,Pending Fulfillment,Legacy UpSpring : (Old) Milkflow : (Old) Drink Mix,.5,4.625,3.1,6.125,2.40,10.25,10.25,4.75,4,ABE8,5/13/2024,5/13/2024,5/20/2024
222099,0000122117,Giant Eagle,,HBC SERVICE CO,,601 MEADOWLANDS BLVD,,Washington,PA,15301,US,(724) 873-5100,1,FG0076-04,Assembly/Bill of Materials,4,Pending Approval,Legacy UpSpring : (Old) Milkflow : (Old) Drink Mix,.7875,4.6,3.1,6.125,3.15,10.25,10.25,4.75,4,1194928338080,5/13/2024,5/21/2024,
222102,0030-5529368-0558,Target,,TARGET DC 0558,,875 BETA DRIVE SW,,ALBANY,OR,97321,US,,1,FG0030-05,Assembly/Bill of Materials,3,Pending Approval,Legacy UpSpring : (Old) C-Panty,.266,6.75,4.5,1,0.266,8,6,4,3,0558,5/13/2024,5/20/2024,5/21/2024
222103,0030-5529368-0559,Target,,TARGET DC 0559,,1350 SOUTH GIRLS SCHOOL ROAD,,INDIANAPOLIS,IN,46231,US,,1,FG0008-01,Assembly/Bill of Materials,6,Pending Approval,Legacy UpSpring : (Old) Alcohol,.1015,4.5,2.75,1.5,0.8,5.25,9.5,3.75,6,0559,5/13/2024,5/20/2024,5/21/2024
222104,0030-5529368-0580,Target,,TARGET DC 0580,,6305 GREENBRIER PKWY NW,,MADISON,AL,35756,US,,1,FG0008-01,Assembly/Bill of Materials,6,Pending Approval,Legacy UpSpring : (Old) Alcohol,.1015,4.5,2.75,1.5,0.8,5.25,9.5,3.75,6,0580,5/13/2024,5/20/2024,5/21/2024
222104,0030-5529368-0580,Target,,TARGET DC 0580,,6305 GREENBRIER PKWY NW,,MADISON,AL,35756,US,,8,FG0005-03,Assembly/Bill of Materials,6,Pending Approval,Legacy UpSpring : (Old) Alcohol,.1015,2.75,1.5,4.5,0.825,9.375,4.75,3,6,0580,5/13/2024,5/20/2024,5/21/2024
222104,0030-5529368-0580,Target,,TARGET DC 0580,,6305 GREENBRIER PKWY NW,,MADISON,AL,35756,US,,16,FG0035-05,Assembly/Bill of Materials,3,Pending Approval,Legacy UpSpring : (Old) C-Panty,.268,6.75,4.5,1,0.268,8,6,4,3,0580,5/13/2024,5/20/2024,5/21/2024
222105,0030-5529368-0588,Target,,TARGET DC 0588,,7101 W VAN BUREN,,PHOENIX,AZ,85043,US,,1,FG0220-04,Assembly/Bill of Materials,18,Pending Approval,Legacy UpSpring : (Old) Shrinkx Belly,1,,,,3.20,12.25,7.25,7.50,3,0588,5/13/2024,5/20/2024,5/21/2024
222105,0030-5529368-0588,Target,,TARGET DC 0588,,7101 W VAN BUREN,,PHOENIX,AZ,85043,US,,10,FG0005-03,Assembly/Bill of Materials,18,Pending Approval,Legacy UpSpring : (Old) Alcohol,.1015,2.75,1.5,4.5,0.825,9.375,4.75,3,6,0588,5/13/2024,5/20/2024,5/21/2024
222105,0030-5529368-0588,Target,,TARGET DC 0588,,7101 W VAN BUREN,,PHOENIX,AZ,85043,US,,18,FG0220-01,Assembly/Bill of Materials,10,Pending Approval,Legacy UpSpring : (Old) Shrinkx Belly,.8,,,,4.8,12,10.75,7.75,5,0588,5/13/2024,5/20/2024,5/21/2024
222105,0030-5529368-0588,Target,,TARGET DC 0588,,7101 W VAN BUREN,,PHOENIX,AZ,85043,US,,27,FG0030-05,Assembly/Bill of Materials,9,Pending Approval,Legacy UpSpring : (Old) C-Panty,.266,6.75,4.5,1,0.266,8,6,4,3,0588,5/13/2024,5/20/2024,5/21/2024
222105,0030-5529368-0588,Target,,TARGET DC 0588,,7101 W VAN BUREN,,PHOENIX,AZ,85043,US,,33,FG0035-05,Assembly/Bill of Materials,6,Pending Approval,Legacy UpSpring : (Old) C-Panty,.268,6.75,4.5,1,0.268,8,6,4,3,0588,5/13/2024,5/20/2024,5/21/2024
222106,0030-5529368-0590,Target,,TARGET DC 0590,,6601 HUDSON RD,,CEDAR FALLS,IA,50613,US,,1,FG0035-05,Assembly/Bill of Materials,3,Pending Approval,Legacy UpSpring : (Old) C-Panty,.268,6.75,4.5,1,0.268,8,6,4,3,0590,5/13/2024,5/20/2024,5/21/2024
222107,0030-5529368-3801,Target,,TARGET DC 3801,,4055 RAILPORT PKWY,,MIDLOTHIAN,TX,76065,US,,1,FG0005-03,Assembly/Bill of Materials,6,Pending Approval,Legacy UpSpring : (Old) Alcohol,.1015,2.75,1.5,4.5,0.825,9.375,4.75,3,6,3801,5/13/2024,5/20/2024,5/21/2024
222107,0030-5529368-3801,Target,,TARGET DC 3801,,4055 RAILPORT PKWY,,MIDLOTHIAN,TX,76065,US,,9,FG0030-05,Assembly/Bill of Materials,9,Pending Approval,Legacy UpSpring : (Old) C-Panty,.266,6.75,4.5,1,0.266,8,6,4,3,3801,5/13/2024,5/20/2024,5/21/2024
222108,0030-5529368-3857,Target,,TARGET DC 3857,,"300 CREEKVIEW AVE, BLDG H",,LOGAN TWP,NJ,08085,US,,1,FG0220-01,Assembly/Bill of Materials,5,Pending Approval,Legacy UpSpring : (Old) Shrinkx Belly,.8,,,,4.8,12,10.75,7.75,5,3857,5/13/2024,5/20/2024,5/21/2024
222108,0030-5529368-3857,Target,,TARGET DC 3857,,"300 CREEKVIEW AVE, BLDG H",,LOGAN TWP,NJ,08085,US,,10,FG0076-01,Assembly/Bill of Materials,40,Pending Approval,Legacy UpSpring : (Old) Milkflow : (Old) Drink Mix,.5,4.625,3.16,6.125,2.46,10.25,10.25,4.75,4,3857,5/13/2024,5/20/2024,5/21/2024
222109,0030-5529368-3865,Target,,TARGET DC 3865,,3501 S PULASKI RD,,CHICAGO,IL,60623,US,,1,FG0005-03,Assembly/Bill of Materials,18,Pending Approval,Legacy UpSpring : (Old) Alcohol,.1015,2.75,1.5,4.5,0.825,9.375,4.75,3,6,3865,5/13/2024,5/20/2024,5/21/2024
222109,0030-5529368-3865,Target,,TARGET DC 3865,,3501 S PULASKI RD,,CHICAGO,IL,60623,US,,9,FG0076-01,Assembly/Bill of Materials,16,Pending Approval,Legacy UpSpring : (Old) Milkflow : (Old) Drink Mix,.5,4.625,3.16,6.125,2.46,10.25,10.25,4.75,4,3865,5/13/2024,5/20/2024,5/21/2024
222109,0030-5529368-3865,Target,,TARGET DC 3865,,3501 S PULASKI RD,,CHICAGO,IL,60623,US,,15,FG0030-05,Assembly/Bill of Materials,6,Pending Approval,Legacy UpSpring : (Old) C-Panty,.266,6.75,4.5,1,0.266,8,6,4,3,3865,5/13/2024,5/20/2024,5/21/2024
222109,0030-5529368-3865,Target,,TARGET DC 3865,,3501 S PULASKI RD,,CHICAGO,IL,60623,US,,21,FG0035-04,Assembly/Bill of Materials,3,Pending Approval,Legacy UpSpring : (Old) C-Panty,.239,6.75,4.5,1,0.239,8,6,4,3,3865,5/13/2024,5/20/2024,5/21/2024
222109,0030-5529368-3865,Target,,TARGET DC 3865,,3501 S PULASKI RD,,CHICAGO,IL,60623,US,,27,FG0035-05,Assembly/Bill of Materials,18,Pending Approval,Legacy UpSpring : (Old) C-Panty,.268,6.75,4.5,1,0.268,8,6,4,3,3865,5/13/2024,5/20/2024,5/21/2024
222117,Walgreens Samples,UpSpring Samples,UpSpring Samples Shipping,Walgreen Co.,Tara Yuen,106 Wilmot Rd.,MS 2226,Deerfield,IL,60015,US,(847) 315-2699,1,FG0660-01,Assembly/Bill of Materials,4,Pending Fulfillment,Legacy UpSpring : (Old) Milkflow : (Old) Milkflow - Other,.4,5,2.5,7,1.63,8.25,6.25,5.38,4,,5/14/2024,,
222117,Walgreens Samples,UpSpring Samples,UpSpring Samples Shipping,Walgreen Co.,Tara Yuen,106 Wilmot Rd.,MS 2226,Deerfield,IL,60015,US,(847) 315-2699,4,FG0670-01,Assembly/Bill of Materials,4,Pending Fulfillment,Legacy UpSpring : (Old) Milkflow : (Old) Milkflow - Other,.4,5,2.5,7,1.63,8.25,6.25,5.38,4,,5/14/2024,,
222118,112-3767094-6885861,Direct Sales - Amazon,Free USPS First-Class Mail®,Mariana Muguerza,,12232 GREENWOOD AVE N,,SEATTLE,WA,98133-8106,US,1 (347) 448-3190 ext. 93537,1,FG0074-01,Assembly/Bill of Materials,1,Pending Approval,Legacy UpSpring : (Old) Milkflow : (Old) Drink Mix,.5,4.6,3.1,4.6,3.5,10.25,10.25,5.75,6,,5/14/2024,,
222119,114-8676854-3375425,Direct Sales - Amazon,Free USPS First-Class Mail®,Joanna Paterek,,4 BRENTWOOD OAKS CT,,SPRING,TX,77381-3555,US,1 (415) 851-9136 ext. 97403,1,FG0074-01,Assembly/Bill of Materials,1,Pending Approval,Legacy UpSpring : (Old) Milkflow : (Old) Drink Mix,.5,4.6,3.1,4.6,3.5,10.25,10.25,5.75,6,,5/14/2024,,
222120,111-4223668-5281043,Direct Sales - Amazon,Free USPS First-Class Mail®,jason lopez,,1456 OAK AVE 2 N,,EVANSTON,IL,60201-4228,US,1 (213) 442-1463 ext. 40234,1,FG0035-05,Assembly/Bill of Materials,1,Pending Approval,Legacy UpSpring : (Old) C-Panty,.268,6.75,4.5,1,0.268,8,6,4,3,,5/14/2024,,
222121,114-8330330-5232226,Direct Sales - Amazon,Free USPS First-Class Mail®,Theodora Elorza,,5241 ABUELO CT,,DALLAS,TX,75211-7489,US,1 (763) 225-9463 ext. 46310,1,FG0035-05,Assembly/Bill of Materials,1,Pending Approval,Legacy UpSpring : (Old) C-Panty,.268,6.75,4.5,1,0.268,8,6,4,3,,5/14/2024,,
